"Município";"2021";" Total"
"120001 ACRELANDIA";"47,46";"47,46"
"120005 ASSIS BRASIL";"26,23";"26,23"
"120010 BRASILEIA";"30,51";"30,51"
"120013 BUJARI";"29,80";"29,80"
"120017 CAPIXABA";"21,11";"21,11"
"120020 CRUZEIRO DO SUL";"30,34";"30,34"
"120025 EPITACIOLANDIA";"20,14";"20,14"
"120030 FEIJO";"33,58";"33,58"
"120032 JORDAO";"65,00";"65,00"
"120033 MANCIO LIMA";"46,20";"46,20"
"120034 MANOEL URBANO";"48,82";"48,82"
"120035 MARECHAL THAUMATURGO";"24,57";"24,57"
"120038 PLACIDO DE CASTRO";"31,51";"31,51"
"120039 PORTO WALTER";"43,55";"43,55"
"120040 RIO BRANCO";"47,99";"47,99"
"120042 RODRIGUES ALVES";"16,67";"16,67"
"120043 SANTA ROSA DO PURUS";"45,61";"45,61"
"120045 SENADOR GUIOMARD";"21,47";"21,47"
"120050 SENA MADUREIRA";"48,30";"48,30"
"120060 TARAUACA";"28,05";"28,05"
"120070 XAPURI";"46,69";"46,69"
"120080 PORTO ACRE";"36,02";"36,02"
"350010 ADAMANTINA";"62,78";"62,78"
"350020 ADOLFO";"92,11";"92,11"
"350030 AGUAI";"69,09";"69,09"
"350040 AGUAS DA PRATA";"104,17";"104,17"
"350050 AGUAS DE LINDOIA";"45,99";"45,99"
"350055 AGUAS DE SANTA BARBARA";"88,71";"88,71"
"350060 AGUAS DE SAO PEDRO";"147,06";"147,06"
"350070 AGUDOS";"63,37";"63,37"
"350075 ALAMBARI";"57,53";"57,53"
"350080 ALFREDO MARCONDES";"70,00";"70,00"
"350090 ALTAIR";"58,54";"58,54"
"350100 ALTINOPOLIS";"44,20";"44,20"
"350110 ALTO ALEGRE";"3,23";"3,23"
"350115 ALUMINIO";"57,40";"57,40"
"350120 ALVARES FLORENCE";"110,34";"110,34"
"350130 ALVARES MACHADO";"69,57";"69,57"
"350140 ALVARO DE CARVALHO";"43,75";"43,75"
"350150 ALVINLANDIA";"52,50";"52,50"
"350160 AMERICANA";"64,49";"64,49"
"350170 AMERICO BRASILIENSE";"72,45";"72,45"
"350180 AMERICO DE CAMPOS";"79,25";"79,25"
"350190 AMPARO";"60,52";"60,52"
"350200 ANALANDIA";"83,33";"83,33"
"350210 ANDRADINA";"57,94";"57,94"
"350220 ANGATUBA";"62,63";"62,63"
"350230 ANHEMBI";"50,67";"50,67"
"350240 ANHUMAS";"85,11";"85,11"
"350250 APARECIDA";"40,31";"40,31"
"350260 APARECIDA D\'OESTE";"51,35";"51,35"
"350270 APIAI";"51,80";"51,80"
"350275 ARACARIGUAMA";"16,43";"16,43"
"350280 ARACATUBA";"59,36";"59,36"
"350290 ARACOIABA DA SERRA";"55,00";"55,00"
"350300 ARAMINA";"66,10";"66,10"
"350310 ARANDU";"34,94";"34,94"
"350315 ARAPEI";"100,00";"100,00"
"350320 ARARAQUARA";"59,32";"59,32"
"350330 ARARAS";"68,42";"68,42"
"350335 ARCO-IRIS";"105,88";"105,88"
"350340 AREALVA";"81,69";"81,69"
"350350 AREIAS";"11,11";"11,11"
"350360 AREIOPOLIS";"49,09";"49,09"
"350370 ARIRANHA";"39,24";"39,24"
"350380 ARTUR NOGUEIRA";"30,40";"30,40"
"350390 ARUJA";"63,16";"63,16"
"350395 ASPASIA";"68,42";"68,42"
"350400 ASSIS";"49,41";"49,41"
"350410 ATIBAIA";"64,18";"64,18"
"350420 AURIFLAMA";"62,14";"62,14"
"350430 AVAI";"73,58";"73,58"
"350440 AVANHANDAVA";"80,17";"80,17"
"350450 AVARE";"60,59";"60,59"
"350460 BADY BASSITT";"82,56";"82,56"
"350470 BALBINOS";"100,00";"100,00"
"350480 BALSAMO";"85,88";"85,88"
"350490 BANANAL";"96,30";"96,30"
"350500 BARAO DE ANTONINA";"146,43";"146,43"
"350510 BARBOSA";"63,16";"63,16"
"350520 BARIRI";"39,84";"39,84"
"350530 BARRA BONITA";"20,70";"20,70"
"350535 BARRA DO CHAPEU";"97,06";"97,06"
"350540 BARRA DO TURVO";"32,10";"32,10"
"350550 BARRETOS";"51,41";"51,41"
"350560 BARRINHA";"65,56";"65,56"
"350570 BARUERI";"12,03";"12,03"
"350580 BASTOS";"58,97";"58,97"
"350590 BATATAIS";"49,12";"49,12"
"350600 BAURU";"55,10";"55,10"
"350610 BEBEDOURO";"68,88";"68,88"
"350620 BENTO DE ABREU";"70,97";"70,97"
"350630 BERNARDINO DE CAMPOS";"50,72";"50,72"
"350635 BERTIOGA";"48,02";"48,02"
"350640 BILAC";"39,47";"39,47"
"350650 BIRIGUI";"51,21";"51,21"
"350660 BIRITIBA-MIRIM";"53,49";"53,49"
"350670 BOA ESPERANCA DO SUL";"73,55";"73,55"
"350680 BOCAINA";"61,21";"61,21"
"350690 BOFETE";"38,74";"38,74"
"350700 BOITUVA";"64,50";"64,50"
"350710 BOM JESUS DOS PERDOES";"66,78";"66,78"
"350715 BOM SUCESSO DE ITARARE";"57,38";"57,38"
"350720 BORA";"18,18";"18,18"
"350730 BORACEIA";"65,00";"65,00"
"350740 BORBOREMA";"66,14";"66,14"
"350745 BOREBI";"60,00";"60,00"
"350750 BOTUCATU";"65,93";"65,93"
"350760 BRAGANCA PAULISTA";"74,64";"74,64"
"350770 BRAUNA";"61,67";"61,67"
"350775 BREJO ALEGRE";"24,00";"24,00"
"350780 BRODOWSKI";"47,72";"47,72"
"350790 BROTAS";"18,91";"18,91"
"350800 BURI";"75,00";"75,00"
"350810 BURITAMA";"61,08";"61,08"
"350820 BURITIZAL";"38,64";"38,64"
"350830 CABRALIA PAULISTA";"70,59";"70,59"
"350840 CABREUVA";"61,07";"61,07"
"350850 CACAPAVA";"58,56";"58,56"
"350860 CACHOEIRA PAULISTA";"41,41";"41,41"
"350870 CACONDE";"76,09";"76,09"
"350880 CAFELANDIA";"35,11";"35,11"
"350890 CAIABU";"82,86";"82,86"
"350900 CAIEIRAS";"40,30";"40,30"
"350910 CAIUA";"41,03";"41,03"
"350920 CAJAMAR";"49,30";"49,30"
"350925 CAJATI";"67,34";"67,34"
"350930 CAJOBI";"69,52";"69,52"
"350940 CAJURU";"41,75";"41,75"
"350945 CAMPINA DO MONTE ALEGRE";"100,00";"100,00"
"350950 CAMPINAS";"61,20";"61,20"
"350960 CAMPO LIMPO PAULISTA";"60,07";"60,07"
"350970 CAMPOS DO JORDAO";"75,15";"75,15"
"350980 CAMPOS NOVOS PAULISTA";"50,85";"50,85"
"350990 CANANEIA";"27,50";"27,50"
"350995 CANAS";"33,33";"33,33"
"351000 CANDIDO MOTA";"71,94";"71,94"
"351010 CANDIDO RODRIGUES";"67,86";"67,86"
"351015 CANITAR";"98,51";"98,51"
"351020 CAPAO BONITO";"60,85";"60,85"
"351030 CAPELA DO ALTO";"30,04";"30,04"
"351040 CAPIVARI";"60,61";"60,61"
"351050 CARAGUATATUBA";"65,75";"65,75"
"351060 CARAPICUIBA";"41,27";"41,27"
"351070 CARDOSO";"59,57";"59,57"
"351080 CASA BRANCA";"29,89";"29,89"
"351090 CASSIA DOS COQUEIROS";"115,79";"115,79"
"351100 CASTILHO";"52,97";"52,97"
"351110 CATANDUVA";"57,39";"57,39"
"351120 CATIGUA";"86,44";"86,44"
"351130 CEDRAL";"62,96";"62,96"
"351140 CERQUEIRA CESAR";"74,69";"74,69"
"351150 CERQUILHO";"45,92";"45,92"
"351160 CESARIO LANGE";"60,75";"60,75"
"351170 CHARQUEADA";"47,50";"47,50"
"351190 CLEMENTINA";"63,33";"63,33"
"351200 COLINA";"71,74";"71,74"
"351210 COLOMBIA";"39,76";"39,76"
"351220 CONCHAL";"56,34";"56,34"
"351230 CONCHAS";"20,31";"20,31"
"351240 CORDEIROPOLIS";"62,78";"62,78"
"351250 COROADOS";"62,00";"62,00"
"351260 CORONEL MACEDO";"77,08";"77,08"
"351270 CORUMBATAI";"58,49";"58,49"
"351280 COSMOPOLIS";"54,42";"54,42"
"351290 COSMORAMA";"105,81";"105,81"
"351300 COTIA";"51,15";"51,15"
"351310 CRAVINHOS";"54,50";"54,50"
"351320 CRISTAIS PAULISTA";"86,67";"86,67"
"351330 CRUZALIA";"123,08";"123,08"
"351340 CRUZEIRO";"45,50";"45,50"
"351350 CUBATAO";"20,66";"20,66"
"351360 CUNHA";"32,50";"32,50"
"351370 DESCALVADO";"79,87";"79,87"
"351380 DIADEMA";"60,25";"60,25"
"351385 DIRCE REIS";"150,00";"150,00"
"351390 DIVINOLANDIA";"66,93";"66,93"
"351400 DOBRADA";"87,91";"87,91"
"351410 DOIS CORREGOS";"38,13";"38,13"
"351420 DOLCINOPOLIS";"125,00";"125,00"
"351430 DOURADO";"34,94";"34,94"
"351440 DRACENA";"67,91";"67,91"
"351450 DUARTINA";"51,45";"51,45"
"351460 DUMONT";"94,95";"94,95"
"351470 ECHAPORA";"1,35";"1,35"
"351480 ELDORADO";"67,26";"67,26"
"351490 ELIAS FAUSTO";"81,82";"81,82"
"351492 ELISIARIO";"65,62";"65,62"
"351495 EMBAUBA";"42,86";"42,86"
"351500 EMBU DAS ARTES";"54,54";"54,54"
"351510 EMBU-GUACU";"52,80";"52,80"
"351512 EMILIANOPOLIS";"96,67";"96,67"
"351515 ENGENHEIRO COELHO";"82,85";"82,85"
"351518 ESPIRITO SANTO DO PINHAL";"50,50";"50,50"
"351519 ESPIRITO SANTO DO TURVO";"57,14";"57,14"
"351520 ESTRELA D\'OESTE";"79,31";"79,31"
"351530 ESTRELA DO NORTE";"25,64";"25,64"
"351535 EUCLIDES DA CUNHA PAULISTA";"34,04";"34,04"
"351540 FARTURA";"61,84";"61,84"
"351550 FERNANDOPOLIS";"58,32";"58,32"
"351560 FERNANDO PRESTES";"86,36";"86,36"
"351565 FERNAO";"142,86";"142,86"
"351570 FERRAZ DE VASCONCELOS";"27,26";"27,26"
"351580 FLORA RICA";"64,29";"64,29"
"351590 FLOREAL";"107,69";"107,69"
"351600 FLORIDA PAULISTA";"49,51";"49,51"
"351610 FLORINIA";"35,71";"35,71"
"351620 FRANCA";"41,20";"41,20"
"351630 FRANCISCO MORATO";"60,38";"60,38"
"351640 FRANCO DA ROCHA";"65,96";"65,96"
"351650 GABRIEL MONTEIRO";"95,00";"95,00"
"351660 GALIA";"62,71";"62,71"
"351670 GARCA";"58,77";"58,77"
"351680 GASTAO VIDIGAL";"103,70";"103,70"
"351685 GAVIAO PEIXOTO";"55,56";"55,56"
"351690 GENERAL SALGADO";"58,82";"58,82"
"351700 GETULINA";"59,04";"59,04"
"351710 GLICERIO";"29,79";"29,79"
"351720 GUAICARA";"63,08";"63,08"
"351730 GUAIMBE";"93,94";"93,94"
"351740 GUAIRA";"61,88";"61,88"
"351750 GUAPIACU";"55,96";"55,96"
"351760 GUAPIARA";"50,66";"50,66"
"351770 GUARA";"68,16";"68,16"
"351780 GUARACAI";"78,26";"78,26"
"351790 GUARACI";"61,90";"61,90"
"351800 GUARANI D\'OESTE";"31,82";"31,82"
"351810 GUARANTA";"58,62";"58,62"
"351820 GUARARAPES";"58,10";"58,10"
"351830 GUARAREMA";"79,89";"79,89"
"351840 GUARATINGUETA";"53,20";"53,20"
"351850 GUAREI";"72,41";"72,41"
"351860 GUARIBA";"10,45";"10,45"
"351870 GUARUJA";"55,51";"55,51"
"351880 GUARULHOS";"62,24";"62,24"
"351885 GUATAPARA";"58,95";"58,95"
"351890 GUZOLANDIA";"80,00";"80,00"
"351900 HERCULANDIA";"59,43";"59,43"
"351905 HOLAMBRA";"58,24";"58,24"
"351907 HORTOLANDIA";"71,16";"71,16"
"351910 IACANGA";"63,12";"63,12"
"351920 IACRI";"60,34";"60,34"
"351925 IARAS";"80,28";"80,28"
"351930 IBATE";"54,35";"54,35"
"351940 IBIRA";"75,19";"75,19"
"351950 IBIRAREMA";"72,73";"72,73"
"351960 IBITINGA";"72,48";"72,48"
"351970 IBIUNA";"46,42";"46,42"
"351980 ICEM";"59,76";"59,76"
"351990 IEPE";"95,77";"95,77"
"352000 IGARACU DO TIETE";"50,39";"50,39"
"352010 IGARAPAVA";"70,00";"70,00"
"352020 IGARATA";"73,23";"73,23"
"352030 IGUAPE";"52,81";"52,81"
"352040 ILHABELA";"41,13";"41,13"
"352042 ILHA COMPRIDA";"61,59";"61,59"
"352044 ILHA SOLTEIRA";"50,00";"50,00"
"352050 INDAIATUBA";"60,78";"60,78"
"352060 INDIANA";"39,22";"39,22"
"352070 INDIAPORA";"67,74";"67,74"
"352080 INUBIA PAULISTA";"82,61";"82,61"
"352090 IPAUSSU";"32,16";"32,16"
"352100 IPERO";"73,21";"73,21"
"352110 IPEUNA";"58,11";"58,11"
"352115 IPIGUA";"68,42";"68,42"
"352120 IPORANGA";"60,98";"60,98"
"352130 IPUA";"46,45";"46,45"
"352140 IRACEMAPOLIS";"70,56";"70,56"
"352150 IRAPUA";"89,71";"89,71"
"352160 IRAPURU";"32,79";"32,79"
"352170 ITABERA";"51,90";"51,90"
"352180 ITAI";"74,67";"74,67"
"352190 ITAJOBI";"47,14";"47,14"
"352200 ITAJU";"81,25";"81,25"
"352210 ITANHAEM";"78,99";"78,99"
"352215 ITAOCA";"66,67";"66,67"
"352220 ITAPECERICA DA SERRA";"34,77";"34,77"
"352230 ITAPETININGA";"71,12";"71,12"
"352240 ITAPEVA";"68,90";"68,90"
"352250 ITAPEVI";"30,34";"30,34"
"352260 ITAPIRA";"61,62";"61,62"
"352265 ITAPIRAPUA PAULISTA";"57,35";"57,35"
"352270 ITAPOLIS";"69,39";"69,39"
"352280 ITAPORANGA";"47,53";"47,53"
"352290 ITAPUI";"80,79";"80,79"
"352300 ITAPURA";"31,11";"31,11"
"352310 ITAQUAQUECETUBA";"52,10";"52,10"
"352320 ITARARE";"70,47";"70,47"
"352330 ITARIRI";"68,49";"68,49"
"352340 ITATIBA";"40,31";"40,31"
"352350 ITATINGA";"68,60";"68,60"
"352360 ITIRAPINA";"54,73";"54,73"
"352370 ITIRAPUA";"86,76";"86,76"
"352380 ITOBI";"65,38";"65,38"
"352390 ITU";"43,18";"43,18"
"352400 ITUPEVA";"56,84";"56,84"
"352410 ITUVERAVA";"48,74";"48,74"
"352420 JABORANDI";"84,21";"84,21"
"352430 JABOTICABAL";"52,85";"52,85"
"352440 JACAREI";"64,16";"64,16"
"352450 JACI";"76,74";"76,74"
"352460 JACUPIRANGA";"66,99";"66,99"
"352470 JAGUARIUNA";"59,75";"59,75"
"352480 JALES";"61,24";"61,24"
"352490 JAMBEIRO";"27,87";"27,87"
"352500 JANDIRA";"20,44";"20,44"
"352510 JARDINOPOLIS";"59,93";"59,93"
"352520 JARINU";"50,00";"50,00"
"352530 JAU";"46,66";"46,66"
"352540 JERIQUARA";"128,00";"128,00"
"352550 JOANOPOLIS";"90,14";"90,14"
"352560 JOAO RAMALHO";"104,44";"104,44"
"352570 JOSE BONIFACIO";"63,59";"63,59"
"352580 JULIO MESQUITA";"55,17";"55,17"
"352585 JUMIRIM";"18,92";"18,92"
"352590 JUNDIAI";"58,50";"58,50"
"352600 JUNQUEIROPOLIS";"75,35";"75,35"
"352610 JUQUIA";"48,45";"48,45"
"352620 JUQUITIBA";"41,06";"41,06"
"352630 LAGOINHA";"36,00";"36,00"
"352640 LARANJAL PAULISTA";"49,70";"49,70"
"352650 LAVINIA";"92,68";"92,68"
"352660 LAVRINHAS";"29,33";"29,33"
"352670 LEME";"60,14";"60,14"
"352680 LENCOIS PAULISTA";"62,20";"62,20"
"352690 LIMEIRA";"52,32";"52,32"
"352700 LINDOIA";"14,93";"14,93"
"352710 LINS";"54,82";"54,82"
"352720 LORENA";"58,89";"58,89"
"352725 LOURDES";"125,00";"125,00"
"352730 LOUVEIRA";"67,75";"67,75"
"352740 LUCELIA";"62,90";"62,90"
"352750 LUCIANOPOLIS";"34,78";"34,78"
"352760 LUIS ANTONIO";"54,61";"54,61"
"352770 LUIZIANIA";"64,71";"64,71"
"352780 LUPERCIO";"79,49";"79,49"
"352790 LUTECIA";"33,33";"33,33"
"352800 MACATUBA";"79,35";"79,35"
"352810 MACAUBAL";"68,06";"68,06"
"352820 MACEDONIA";"58,33";"58,33"
"352830 MAGDA";"51,85";"51,85"
"352840 MAIRINQUE";"17,99";"17,99"
"352850 MAIRIPORA";"63,53";"63,53"
"352860 MANDURI";"55,24";"55,24"
"352870 MARABA PAULISTA";"33,33";"33,33"
"352880 MARACAI";"80,30";"80,30"
"352885 MARAPOAMA";"96,43";"96,43"
"352890 MARIAPOLIS";"76,92";"76,92"
"352900 MARILIA";"57,78";"57,78"
"352910 MARINOPOLIS";"61,54";"61,54"
"352920 MARTINOPOLIS";"48,42";"48,42"
"352930 MATAO";"49,88";"49,88"
"352940 MAUA";"54,49";"54,49"
"352950 MENDONCA";"72,00";"72,00"
"352960 MERIDIANO";"81,25";"81,25"
"352965 MESOPOLIS";"27,59";"27,59"
"352970 MIGUELOPOLIS";"65,55";"65,55"
"352980 MINEIROS DO TIETE";"31,43";"31,43"
"352990 MIRACATU";"39,86";"39,86"
"353000 MIRA ESTRELA";"62,50";"62,50"
"353010 MIRANDOPOLIS";"42,47";"42,47"
"353020 MIRANTE DO PARANAPANEMA";"60,00";"60,00"
"353030 MIRASSOL";"63,04";"63,04"
"353040 MIRASSOLANDIA";"64,91";"64,91"
"353050 MOCOCA";"64,83";"64,83"
"353060 MOGI DAS CRUZES";"52,32";"52,32"
"353070 MOGI GUACU";"64,67";"64,67"
"353080 MOGI MIRIM";"61,72";"61,72"
"353090 MOMBUCA";"121,74";"121,74"
"353100 MONCOES";"57,89";"57,89"
"353110 MONGAGUA";"29,09";"29,09"
"353120 MONTE ALEGRE DO SUL";"31,65";"31,65"
"353130 MONTE ALTO";"58,51";"58,51"
"353140 MONTE APRAZIVEL";"80,54";"80,54"
"353150 MONTE AZUL PAULISTA";"63,82";"63,82"
"353160 MONTE CASTELO";"48,08";"48,08"
"353170 MONTEIRO LOBATO";"19,35";"19,35"
"353180 MONTE MOR";"49,77";"49,77"
"353190 MORRO AGUDO";"67,91";"67,91"
"353200 MORUNGABA";"72,03";"72,03"
"353205 MOTUCA";"47,92";"47,92"
"353210 MURUTINGA DO SUL";"52,00";"52,00"
"353215 NANTES";"75,00";"75,00"
"353220 NARANDIBA";"79,45";"79,45"
"353230 NATIVIDADE DA SERRA";"14,00";"14,00"
"353240 NAZARE PAULISTA";"60,29";"60,29"
"353250 NEVES PAULISTA";"65,00";"65,00"
"353260 NHANDEARA";"95,38";"95,38"
"353270 NIPOA";"71,15";"71,15"
"353280 NOVA ALIANCA";"76,83";"76,83"
"353282 NOVA CAMPINA";"66,92";"66,92"
"353284 NOVA CANAA PAULISTA";"35,29";"35,29"
"353286 NOVA CASTILHO";"66,67";"66,67"
"353290 NOVA EUROPA";"75,24";"75,24"
"353300 NOVA GRANADA";"65,79";"65,79"
"353310 NOVA GUATAPORANGA";"54,17";"54,17"
"353320 NOVA INDEPENDENCIA";"50,91";"50,91"
"353325 NOVAIS";"15,09";"15,09"
"353330 NOVA LUZITANIA";"61,90";"61,90"
"353340 NOVA ODESSA";"67,20";"67,20"
"353350 NOVO HORIZONTE";"46,55";"46,55"
"353360 NUPORANGA";"77,63";"77,63"
"353370 OCAUCU";"58,46";"58,46"
"353380 OLEO";"90,91";"90,91"
"353390 OLIMPIA";"54,50";"54,50"
"353400 ONDA VERDE";"71,43";"71,43"
"353410 ORIENTE";"44,26";"44,26"
"353420 ORINDIUVA";"68,00";"68,00"
"353430 ORLANDIA";"60,92";"60,92"
"353440 OSASCO";"49,42";"49,42"
"353450 OSCAR BRESSANE";"64,71";"64,71"
"353460 OSVALDO CRUZ";"76,75";"76,75"
"353470 OURINHOS";"65,19";"65,19"
"353475 OUROESTE";"39,42";"39,42"
"353480 OURO VERDE";"74,47";"74,47"
"353490 PACAEMBU";"64,65";"64,65"
"353500 PALESTINA";"85,84";"85,84"
"353510 PALMARES PAULISTA";"92,55";"92,55"
"353520 PALMEIRA D\'OESTE";"121,05";"121,05"
"353530 PALMITAL";"63,64";"63,64"
"353540 PANORAMA";"70,00";"70,00"
"353550 PARAGUACU PAULISTA";"70,47";"70,47"
"353560 PARAIBUNA";"79,14";"79,14"
"353570 PARAISO";"65,52";"65,52"
"353580 PARANAPANEMA";"27,47";"27,47"
"353590 PARANAPUA";"91,11";"91,11"
"353600 PARAPUA";"75,28";"75,28"
"353610 PARDINHO";"58,16";"58,16"
"353620 PARIQUERA-ACU";"61,18";"61,18"
"353625 PARISI";"72,41";"72,41"
"353630 PATROCINIO PAULISTA";"53,41";"53,41"
"353640 PAULICEIA";"57,58";"57,58"
"353650 PAULINIA";"66,33";"66,33"
"353657 PAULISTANIA";"113,64";"113,64"
"353660 PAULO DE FARIA";"60,29";"60,29"
"353670 PEDERNEIRAS";"54,09";"54,09"
"353680 PEDRA BELA";"61,64";"61,64"
"353690 PEDRANOPOLIS";"76,47";"76,47"
"353700 PEDREGULHO";"66,15";"66,15"
"353710 PEDREIRA";"67,56";"67,56"
"353715 PEDRINHAS PAULISTA";"50,00";"50,00"
"353720 PEDRO DE TOLEDO";"62,63";"62,63"
"353730 PENAPOLIS";"49,50";"49,50"
"353740 PEREIRA BARRETO";"54,70";"54,70"
"353750 PEREIRAS";"78,16";"78,16"
"353760 PERUIBE";"59,68";"59,68"
"353770 PIACATU";"50,00";"50,00"
"353780 PIEDADE";"50,32";"50,32"
"353790 PILAR DO SUL";"67,89";"67,89"
"353800 PINDAMONHANGABA";"60,86";"60,86"
"353810 PINDORAMA";"88,24";"88,24"
"353820 PINHALZINHO";"68,99";"68,99"
"353850 PIQUETE";"36,97";"36,97"
"353860 PIRACAIA";"64,75";"64,75"
"353870 PIRACICABA";"63,65";"63,65"
"353880 PIRAJU";"72,96";"72,96"
"353890 PIRAJUI";"54,02";"54,02"
"353900 PIRANGI";"59,84";"59,84"
"353910 PIRAPORA DO BOM JESUS";"51,90";"51,90"
"353920 PIRAPOZINHO";"25,68";"25,68"
"353930 PIRASSUNUNGA";"29,15";"29,15"
"353940 PIRATININGA";"80,26";"80,26"
"353950 PITANGUEIRAS";"61,81";"61,81"
"353960 PLANALTO";"76,60";"76,60"
"353970 PLATINA";"50,00";"50,00"
"353980 POA";"59,63";"59,63"
"353990 POLONI";"83,61";"83,61"
"354000 POMPEIA";"58,05";"58,05"
"354010 PONGAI";"76,92";"76,92"
"354020 PONTAL";"76,94";"76,94"
"354025 PONTALINDA";"70,83";"70,83"
"354030 PONTES GESTAL";"42,86";"42,86"
"354040 POPULINA";"25,58";"25,58"
"354050 PORANGABA";"67,44";"67,44"
"354060 PORTO FELIZ";"24,53";"24,53"
"354070 PORTO FERREIRA";"48,72";"48,72"
"354075 POTIM";"38,21";"38,21"
"354080 POTIRENDABA";"65,24";"65,24"
"354085 PRACINHA";"150,00";"150,00"
"354090 PRADOPOLIS";"51,81";"51,81"
"354100 PRAIA GRANDE";"39,81";"39,81"
"354105 PRATANIA";"72,60";"72,60"
"354110 PRESIDENTE ALVES";"40,62";"40,62"
"354120 PRESIDENTE BERNARDES";"69,90";"69,90"
"354130 PRESIDENTE EPITACIO";"49,88";"49,88"
"354140 PRESIDENTE PRUDENTE";"53,49";"53,49"
"354150 PRESIDENTE VENCESLAU";"70,80";"70,80"
"354160 PROMISSAO";"48,21";"48,21"
"354165 QUADRA";"35,00";"35,00"
"354170 QUATA";"71,17";"71,17"
"354180 QUEIROZ";"47,50";"47,50"
"354190 QUELUZ";"33,33";"33,33"
"354200 QUINTANA";"70,73";"70,73"
"354210 RAFARD";"39,05";"39,05"
"354220 RANCHARIA";"70,96";"70,96"
"354230 REDENCAO DA SERRA";"46,81";"46,81"
"354240 REGENTE FEIJO";"69,12";"69,12"
"354250 REGINOPOLIS";"102,50";"102,50"
"354260 REGISTRO";"54,22";"54,22"
"354270 RESTINGA";"108,75";"108,75"
"354280 RIBEIRA";"52,63";"52,63"
"354290 RIBEIRAO BONITO";"38,62";"38,62"
"354300 RIBEIRAO BRANCO";"72,62";"72,62"
"354310 RIBEIRAO CORRENTE";"62,50";"62,50"
"354320 RIBEIRAO DO SUL";"52,00";"52,00"
"354323 RIBEIRAO DOS INDIOS";"70,00";"70,00"
"354325 RIBEIRAO GRANDE";"65,22";"65,22"
"354330 RIBEIRAO PIRES";"36,25";"36,25"
"354340 RIBEIRAO PRETO";"66,14";"66,14"
"354350 RIVERSUL";"89,19";"89,19"
"354360 RIFAINA";"56,86";"56,86"
"354370 RINCAO";"67,01";"67,01"
"354380 RINOPOLIS";"55,06";"55,06"
"354390 RIO CLARO";"56,79";"56,79"
"354400 RIO DAS PEDRAS";"40,21";"40,21"
"354410 RIO GRANDE DA SERRA";"20,48";"20,48"
"354420 RIOLANDIA";"90,10";"90,10"
"354425 ROSANA";"45,45";"45,45"
"354430 ROSEIRA";"49,23";"49,23"
"354440 RUBIACEA";"100,00";"100,00"
"354450 RUBINEIA";"103,45";"103,45"
"354460 SABINO";"51,92";"51,92"
"354470 SAGRES";"92,31";"92,31"
"354480 SALES";"93,88";"93,88"
"354490 SALES OLIVEIRA";"83,65";"83,65"
"354500 SALESOPOLIS";"52,06";"52,06"
"354510 SALMOURAO";"62,86";"62,86"
"354515 SALTINHO";"68,24";"68,24"
"354520 SALTO";"59,84";"59,84"
"354530 SALTO DE PIRAPORA";"69,28";"69,28"
"354540 SALTO GRANDE";"48,84";"48,84"
"354550 SANDOVALINA";"44,19";"44,19"
"354560 SANTA ADELIA";"79,71";"79,71"
"354570 SANTA ALBERTINA";"9,33";"9,33"
"354580 SANTA BARBARA D\'OESTE";"50,30";"50,30"
"354600 SANTA BRANCA";"60,71";"60,71"
"354610 SANTA CLARA D\'OESTE";"80,00";"80,00"
"354620 SANTA CRUZ DA CONCEICAO";"64,00";"64,00"
"354625 SANTA CRUZ DA ESPERANCA";"169,23";"169,23"
"354630 SANTA CRUZ DAS PALMEIRAS";"78,53";"78,53"
"354640 SANTA CRUZ DO RIO PARDO";"72,97";"72,97"
"354650 SANTA ERNESTINA";"98,33";"98,33"
"354660 SANTA FE DO SUL";"67,55";"67,55"
"354670 SANTA GERTRUDES";"35,21";"35,21"
"354680 SANTA ISABEL";"62,72";"62,72"
"354690 SANTA LUCIA";"55,70";"55,70"
"354700 SANTA MARIA DA SERRA";"69,35";"69,35"
"354720 SANTANA DA PONTE PENSA";"45,45";"45,45"
"354730 SANTANA DE PARNAIBA";"63,81";"63,81"
"354740 SANTA RITA D\'OESTE";"8,00";"8,00"
"354750 SANTA RITA DO PASSA QUATRO";"64,11";"64,11"
"354760 SANTA ROSA DE VITERBO";"47,89";"47,89"
"354765 SANTA SALETE";"121,43";"121,43"
"354770 SANTO ANASTACIO";"0,54";"0,54"
"354780 SANTO ANDRE";"49,19";"49,19"
"354790 SANTO ANTONIO DA ALEGRIA";"71,01";"71,01"
"354800 SANTO ANTONIO DE POSSE";"119,03";"119,03"
"354805 SANTO ANTONIO DO ARACANGUA";"11,65";"11,65"
"354810 SANTO ANTONIO DO JARDIM";"59,32";"59,32"
"354820 SANTO ANTONIO DO PINHAL";"54,32";"54,32"
"354830 SANTO EXPEDITO";"135,48";"135,48"
"354840 SANTOPOLIS DO AGUAPEI";"60,42";"60,42"
"354850 SANTOS";"47,77";"47,77"
"354860 SAO BENTO DO SAPUCAI";"74,23";"74,23"
"354870 SAO BERNARDO DO CAMPO";"59,96";"59,96"
"354880 SAO CAETANO DO SUL";"58,66";"58,66"
"354890 SAO CARLOS";"58,51";"58,51"
"354900 SAO FRANCISCO";"125,00";"125,00"
"354910 SAO JOAO DA BOA VISTA";"45,39";"45,39"
"354920 SAO JOAO DAS DUAS PONTES";"16,67";"16,67"
"354925 SAO JOAO DE IRACEMA";"146,67";"146,67"
"354930 SAO JOAO DO PAU D\'ALHO";"32,14";"32,14"
"354940 SAO JOAQUIM DA BARRA";"61,14";"61,14"
"354950 SAO JOSE DA BELA VISTA";"63,75";"63,75"
"354960 SAO JOSE DO BARREIRO";"77,78";"77,78"
"354970 SAO JOSE DO RIO PARDO";"12,38";"12,38"
"354980 SAO JOSE DO RIO PRETO";"60,67";"60,67"
"354990 SAO JOSE DOS CAMPOS";"53,67";"53,67"
"354995 SAO LOURENCO DA SERRA";"37,78";"37,78"
"355000 SAO LUIS DO PARAITINGA";"83,15";"83,15"
"355010 SAO MANUEL";"92,84";"92,84"
"355020 SAO MIGUEL ARCANJO";"63,81";"63,81"
"355030 SAO PAULO";"47,96";"47,96"
"355040 SAO PEDRO";"50,26";"50,26"
"355050 SAO PEDRO DO TURVO";"48,24";"48,24"
"355060 SAO ROQUE";"40,25";"40,25"
"355070 SAO SEBASTIAO";"40,43";"40,43"
"355080 SAO SEBASTIAO DA GRAMA";"65,96";"65,96"
"355090 SAO SIMAO";"56,39";"56,39"
"355100 SAO VICENTE";"48,50";"48,50"
"355110 SARAPUI";"81,00";"81,00"
"355120 SARUTAIA";"80,43";"80,43"
"355130 SEBASTIANOPOLIS DO SUL";"79,41";"79,41"
"355140 SERRA AZUL";"57,84";"57,84"
"355150 SERRANA";"59,57";"59,57"
"355160 SERRA NEGRA";"53,79";"53,79"
"355170 SERTAOZINHO";"52,91";"52,91"
"355180 SETE BARRAS";"57,54";"57,54"
"355190 SEVERINIA";"69,15";"69,15"
"355200 SILVEIRAS";"65,57";"65,57"
"355210 SOCORRO";"68,08";"68,08"
"355220 SOROCABA";"8,13";"8,13"
"355230 SUD MENNUCCI";"64,56";"64,56"
"355240 SUMARE";"55,71";"55,71"
"355250 SUZANO";"68,09";"68,09"
"355255 SUZANAPOLIS";"37,04";"37,04"
"355260 TABAPUA";"65,38";"65,38"
"355270 TABATINGA";"77,05";"77,05"
"355280 TABOAO DA SERRA";"40,70";"40,70"
"355290 TACIBA";"28,17";"28,17"
"355300 TAGUAI";"66,12";"66,12"
"355310 TAIACU";"66,67";"66,67"
"355320 TAIUVA";"74,42";"74,42"
"355330 TAMBAU";"42,47";"42,47"
"355340 TANABI";"74,03";"74,03"
"355350 TAPIRAI";"57,30";"57,30"
"355360 TAPIRATIBA";"65,05";"65,05"
"355365 TAQUARAL";"61,54";"61,54"
"355370 TAQUARITINGA";"72,55";"72,55"
"355380 TAQUARITUBA";"73,27";"73,27"
"355385 TAQUARIVAI";"71,72";"71,72"
"355390 TARABAI";"80,77";"80,77"
"355395 TARUMA";"49,43";"49,43"
"355400 TATUI";"19,95";"19,95"
"355410 TAUBATE";"30,71";"30,71"
"355420 TEJUPA";"38,24";"38,24"
"355430 TEODORO SAMPAIO";"65,12";"65,12"
"355440 TERRA ROXA";"54,65";"54,65"
"355450 TIETE";"51,79";"51,79"
"355460 TIMBURI";"63,16";"63,16"
"355465 TORRE DE PEDRA";"88,89";"88,89"
"355470 TORRINHA";"71,91";"71,91"
"355475 TRABIJU";"40,00";"40,00"
"355480 TREMEMBE";"53,99";"53,99"
"355490 TRES FRONTEIRAS";"96,88";"96,88"
"355495 TUIUTI";"74,58";"74,58"
"355500 TUPA";"63,27";"63,27"
"355510 TUPI PAULISTA";"88,79";"88,79"
"355520 TURIUBA";"85,71";"85,71"
"355530 TURMALINA";"170,00";"170,00"
"355535 UBARANA";"93,90";"93,90"
"355540 UBATUBA";"56,11";"56,11"
"355550 UBIRAJARA";"18,03";"18,03"
"355560 UCHOA";"39,22";"39,22"
"355570 UNIAO PAULISTA";"81,82";"81,82"
"355580 URANIA";"73,49";"73,49"
"355590 URU";"120,00";"120,00"
"355600 URUPES";"84,26";"84,26"
"355610 VALENTIM GENTIL";"78,53";"78,53"
"355620 VALINHOS";"7,69";"7,69"
"355630 VALPARAISO";"63,08";"63,08"
"355635 VARGEM";"68,69";"68,69"
"355640 VARGEM GRANDE DO SUL";"33,40";"33,40"
"355645 VARGEM GRANDE PAULISTA";"68,98";"68,98"
"355650 VARZEA PAULISTA";"30,78";"30,78"
"355660 VERA CRUZ";"61,39";"61,39"
"355670 VINHEDO";"34,61";"34,61"
"355680 VIRADOURO";"65,42";"65,42"
"355690 VISTA ALEGRE DO ALTO";"78,10";"78,10"
"355695 VITORIA BRASIL";"41,18";"41,18"
"355700 VOTORANTIM";"51,56";"51,56"
"355710 VOTUPORANGA";"61,74";"61,74"
"355715 ZACARIAS";"69,57";"69,57"
"355720 CHAVANTES";"68,09";"68,09"
"355730 ESTIVA GERBI";"66,17";"66,17"
"410010 ABATIA";"59,26";"59,26"
"410020 ADRIANOPOLIS";"96,61";"96,61"
"410030 AGUDOS DO SUL";"36,54";"36,54"
"410040 ALMIRANTE TAMANDARE";"55,90";"55,90"
"410050 ALTONIA";"58,57";"58,57"
"410060 ALTO PARANA";"32,17";"32,17"
"410070 ALTO PIQUIRI";"73,77";"73,77"
"410080 ALVORADA DO SUL";"49,52";"49,52"
"410090 AMAPORA";"44,19";"44,19"
"410100 AMPERE";"51,53";"51,53"
"410105 ANAHY";"150,00";"150,00"
"410110 ANDIRA";"35,16";"35,16"
"410115 ANGULO";"54,55";"54,55"
"410120 ANTONINA";"45,58";"45,58"
"410130 ANTONIO OLINTO";"77,97";"77,97"
"410140 APUCARANA";"43,02";"43,02"
"410150 ARAPONGAS";"57,92";"57,92"
"410160 ARAPOTI";"75,00";"75,00"
"410165 ARAPUA";"78,79";"78,79"
"410170 ARARUNA";"62,70";"62,70"
"410180 ARAUCARIA";"63,40";"63,40"
"410185 ARIRANHA DO IVAI";"41,94";"41,94"
"410190 ASSAI";"62,02";"62,02"
"410200 ASSIS CHATEAUBRIAND";"58,81";"58,81"
"410210 ASTORGA";"45,62";"45,62"
"410220 ATALAIA";"53,06";"53,06"
"410230 BALSA NOVA";"74,36";"74,36"
"410240 BANDEIRANTES";"63,24";"63,24"
"410250 BARBOSA FERRAZ";"65,00";"65,00"
"410260 BARRACAO";"54,36";"54,36"
"410275 BELA VISTA DA CAROBA";"106,25";"106,25"
"410280 BELA VISTA DO PARAISO";"57,14";"57,14"
"410290 BITURUNA";"58,75";"58,75"
"410300 BOA ESPERANCA";"53,06";"53,06"
"410302 BOA ESPERANCA DO IGUACU";"50,00";"50,00"
"410304 BOA VENTURA DE SAO ROQUE";"83,13";"83,13"
"410305 BOA VISTA DA APARECIDA";"72,00";"72,00"
"410310 BOCAIUVA DO SUL";"53,80";"53,80"
"410315 BOM JESUS DO SUL";"76,47";"76,47"
"410320 BOM SUCESSO";"57,14";"57,14"
"410322 BOM SUCESSO DO SUL";"23,53";"23,53"
"410330 BORRAZOPOLIS";"71,88";"71,88"
"410335 BRAGANEY";"52,05";"52,05"
"410337 BRASILANDIA DO SUL";"59,18";"59,18"
"410340 CAFEARA";"117,39";"117,39"
"410345 CAFELANDIA";"68,39";"68,39"
"410347 CAFEZAL DO SUL";"89,29";"89,29"
"410350 CALIFORNIA";"65,77";"65,77"
"410360 CAMBARA";"60,29";"60,29"
"410370 CAMBE";"74,80";"74,80"
"410380 CAMBIRA";"98,94";"98,94"
"410390 CAMPINA DA LAGOA";"68,16";"68,16"
"410395 CAMPINA DO SIMAO";"73,02";"73,02"
"410400 CAMPINA GRANDE DO SUL";"20,97";"20,97"
"410405 CAMPO BONITO";"70,91";"70,91"
"410410 CAMPO DO TENENTE";"62,16";"62,16"
"410420 CAMPO LARGO";"50,40";"50,40"
"410425 CAMPO MAGRO";"60,81";"60,81"
"410430 CAMPO MOURAO";"73,66";"73,66"
"410440 CANDIDO DE ABREU";"67,60";"67,60"
"410442 CANDOI";"60,47";"60,47"
"410445 CANTAGALO";"70,00";"70,00"
"410450 CAPANEMA";"62,45";"62,45"
"410460 CAPITAO LEONIDAS MARQUES";"60,36";"60,36"
"410465 CARAMBEI";"86,35";"86,35"
"410470 CARLOPOLIS";"79,67";"79,67"
"410480 CASCAVEL";"63,41";"63,41"
"410490 CASTRO";"63,60";"63,60"
"410500 CATANDUVAS";"84,62";"84,62"
"410510 CENTENARIO DO SUL";"64,71";"64,71"
"410520 CERRO AZUL";"36,07";"36,07"
"410530 CEU AZUL";"69,49";"69,49"
"410540 CHOPINZINHO";"62,54";"62,54"
"410550 CIANORTE";"63,97";"63,97"
"410560 CIDADE GAUCHA";"64,71";"64,71"
"410570 CLEVELANDIA";"33,47";"33,47"
"410580 COLOMBO";"49,59";"49,59"
"410590 COLORADO";"44,40";"44,40"
"410600 CONGONHINHAS";"67,74";"67,74"
"410610 CONSELHEIRO MAIRINCK";"93,75";"93,75"
"410620 CONTENDA";"49,79";"49,79"
"410630 CORBELIA";"79,38";"79,38"
"410640 CORNELIO PROCOPIO";"51,88";"51,88"
"410645 CORONEL DOMINGOS SOARES";"68,42";"68,42"
"410650 CORONEL VIVIDA";"67,34";"67,34"
"410655 CORUMBATAI DO SUL";"9,76";"9,76"
"410657 CRUZEIRO DO IGUACU";"78,26";"78,26"
"410660 CRUZEIRO DO OESTE";"45,29";"45,29"
"410670 CRUZEIRO DO SUL";"49,21";"49,21"
"410680 CRUZ MACHADO";"71,43";"71,43"
"410685 CRUZMALTINA";"38,30";"38,30"
"410690 CURITIBA";"53,77";"53,77"
"410700 CURIUVA";"54,17";"54,17"
"410710 DIAMANTE DO NORTE";"36,96";"36,96"
"410712 DIAMANTE DO SUL";"74,36";"74,36"
"410715 DIAMANTE D\'OESTE";"67,21";"67,21"
"410720 DOIS VIZINHOS";"53,54";"53,54"
"410725 DOURADINA";"58,56";"58,56"
"410730 DOUTOR CAMARGO";"40,98";"40,98"
"410740 ENEAS MARQUES";"55,17";"55,17"
"410750 ENGENHEIRO BELTRAO";"34,07";"34,07"
"410752 ESPERANCA NOVA";"78,95";"78,95"
"410753 ENTRE RIOS DO OESTE";"66,67";"66,67"
"410754 ESPIGAO ALTO DO IGUACU";"75,86";"75,86"
"410755 FAROL";"53,12";"53,12"
"410760 FAXINAL";"48,71";"48,71"
"410765 FAZENDA RIO GRANDE";"34,08";"34,08"
"410770 FENIX";"68,63";"68,63"
"410773 FERNANDES PINHEIRO";"10,13";"10,13"
"410775 FIGUEIRA";"57,14";"57,14"
"410780 FLORAI";"69,09";"69,09"
"410785 FLOR DA SERRA DO SUL";"96,61";"96,61"
"410790 FLORESTA";"44,64";"44,64"
"410800 FLORESTOPOLIS";"63,93";"63,93"
"410810 FLORIDA";"40,54";"40,54"
"410820 FORMOSA DO OESTE";"80,52";"80,52"
"410830 FOZ DO IGUACU";"58,49";"58,49"
"410832 FRANCISCO ALVES";"48,35";"48,35"
"410840 FRANCISCO BELTRAO";"56,80";"56,80"
"410845 FOZ DO JORDAO";"103,03";"103,03"
"410850 GENERAL CARNEIRO";"72,47";"72,47"
"410855 GODOY MOREIRA";"133,33";"133,33"
"410860 GOIOERE";"70,24";"70,24"
"410865 GOIOXIM";"108,43";"108,43"
"410870 GRANDES RIOS";"71,79";"71,79"
"410880 GUAIRA";"54,80";"54,80"
"410890 GUAIRACA";"57,78";"57,78"
"410895 GUAMIRANGA";"55,32";"55,32"
"410900 GUAPIRAMA";"78,72";"78,72"
"410910 GUAPOREMA";"62,50";"62,50"
"410920 GUARACI";"54,39";"54,39"
"410930 GUARANIACU";"40,00";"40,00"
"410940 GUARAPUAVA";"43,21";"43,21"
"410950 GUARAQUECABA";"33,93";"33,93"
"410960 GUARATUBA";"40,39";"40,39"
"410965 HONORIO SERPA";"66,67";"66,67"
"410970 IBAITI";"75,14";"75,14"
"410975 IBEMA";"66,27";"66,27"
"410980 IBIPORA";"34,79";"34,79"
"410990 ICARAIMA";"47,37";"47,37"
"411000 IGUARACU";"59,74";"59,74"
"411005 IGUATU";"66,67";"66,67"
"411007 IMBAU";"12,50";"12,50"
"411010 IMBITUVA";"67,57";"67,57"
"411020 INACIO MARTINS";"81,38";"81,38"
"411030 INAJA";"63,64";"63,64"
"411040 INDIANOPOLIS";"82,69";"82,69"
"411050 IPIRANGA";"73,58";"73,58"
"411060 IPORA";"24,74";"24,74"
"411065 IRACEMA DO OESTE";"91,67";"91,67"
"411070 IRATI";"69,65";"69,65"
"411080 IRETAMA";"80,34";"80,34"
"411090 ITAGUAJE";"43,18";"43,18"
"411095 ITAIPULANDIA";"67,76";"67,76"
"411100 ITAMBARACA";"31,25";"31,25"
"411110 ITAMBE";"12,70";"12,70"
"411120 ITAPEJARA D\'OESTE";"46,34";"46,34"
"411125 ITAPERUCU";"56,03";"56,03"
"411130 ITAUNA DO SUL";"81,40";"81,40"
"411140 IVAI";"78,95";"78,95"
"411150 IVAIPORA";"65,00";"65,00"
"411155 IVATE";"34,67";"34,67"
"411160 IVATUBA";"42,42";"42,42"
"411170 JABOTI";"61,40";"61,40"
"411180 JACAREZINHO";"63,67";"63,67"
"411200 JAGUARIAIVA";"79,87";"79,87"
"411210 JANDAIA DO SUL";"53,50";"53,50"
"411220 JANIOPOLIS";"118,60";"118,60"
"411230 JAPIRA";"71,15";"71,15"
"411240 JAPURA";"72,73";"72,73"
"411250 JARDIM ALEGRE";"71,64";"71,64"
"411270 JATAIZINHO";"74,10";"74,10"
"411275 JESUITAS";"80,00";"80,00"
"411280 JOAQUIM TAVORA";"58,44";"58,44"
"411290 JUNDIAI DO SUL";"69,44";"69,44"
"411295 JURANDA";"77,66";"77,66"
"411300 JUSSARA";"57,69";"57,69"
"411310 KALORE";"65,22";"65,22"
"411320 LAPA";"49,15";"49,15"
"411325 LARANJAL";"92,31";"92,31"
"411330 LARANJEIRAS DO SUL";"57,78";"57,78"
"411340 LEOPOLIS";"52,38";"52,38"
"411342 LIDIANOPOLIS";"51,06";"51,06"
"411345 LINDOESTE";"60,00";"60,00"
"411350 LOANDA";"64,04";"64,04"
"411360 LOBATO";"59,09";"59,09"
"411370 LONDRINA";"59,28";"59,28"
"411373 LUIZIANA";"90,70";"90,70"
"411375 LUNARDELLI";"66,00";"66,00"
"411380 LUPIONOPOLIS";"87,18";"87,18"
"411390 MALLET";"69,13";"69,13"
"411400 MAMBORE";"66,67";"66,67"
"411410 MANDAGUACU";"73,05";"73,05"
"411420 MANDAGUARI";"49,79";"49,79"
"411430 MANDIRITUBA";"2,65";"2,65"
"411435 MANFRINOPOLIS";"103,70";"103,70"
"411440 MANGUEIRINHA";"58,50";"58,50"
"411450 MANOEL RIBAS";"87,13";"87,13"
"411460 MARECHAL CANDIDO RONDON";"59,28";"59,28"
"411470 MARIA HELENA";"73,13";"73,13"
"411480 MARIALVA";"59,72";"59,72"
"411490 MARILANDIA DO SUL";"73,91";"73,91"
"411500 MARILENA";"45,71";"45,71"
"411510 MARILUZ";"74,26";"74,26"
"411520 MARINGA";"61,03";"61,03"
"411530 MARIOPOLIS";"46,91";"46,91"
"411535 MARIPA";"44,58";"44,58"
"411540 MARMELEIRO";"71,43";"71,43"
"411545 MARQUINHO";"6,45";"6,45"
"411550 MARUMBI";"58,82";"58,82"
"411560 MATELANDIA";"60,42";"60,42"
"411570 MATINHOS";"31,73";"31,73"
"411573 MATO RICO";"80,43";"80,43"
"411575 MAUA DA SERRA";"50,33";"50,33"
"411580 MEDIANEIRA";"0,27";"0,27"
"411585 MERCEDES";"67,65";"67,65"
"411590 MIRADOR";"71,43";"71,43"
"411600 MIRASELVA";"40,00";"40,00"
"411605 MISSAL";"49,64";"49,64"
"411610 MOREIRA SALES";"54,40";"54,40"
"411620 MORRETES";"51,12";"51,12"
"411630 MUNHOZ DE MELO";"74,36";"74,36"
"411640 NOSSA SENHORA DAS GRACAS";"103,03";"103,03"
"411650 NOVA ALIANCA DO IVAI";"18,18";"18,18"
"411660 NOVA AMERICA DA COLINA";"46,67";"46,67"
"411670 NOVA AURORA";"68,75";"68,75"
"411680 NOVA CANTU";"59,46";"59,46"
"411690 NOVA ESPERANCA";"55,95";"55,95"
"411695 NOVA ESPERANCA DO SUDOESTE";"61,43";"61,43"
"411700 NOVA FATIMA";"43,84";"43,84"
"411705 NOVA LARANJEIRAS";"48,17";"48,17"
"411710 NOVA LONDRINA";"13,12";"13,12"
"411720 NOVA OLIMPIA";"102,08";"102,08"
"411721 NOVA SANTA BARBARA";"86,05";"86,05"
"411722 NOVA SANTA ROSA";"61,62";"61,62"
"411725 NOVA PRATA DO IGUACU";"87,04";"87,04"
"411727 NOVA TEBAS";"57,78";"57,78"
"411729 NOVO ITACOLOMI";"84,62";"84,62"
"411730 ORTIGUEIRA";"70,63";"70,63"
"411740 OURIZONA";"60,00";"60,00"
"411745 OURO VERDE DO OESTE";"80,00";"80,00"
"411750 PAICANDU";"68,97";"68,97"
"411760 PALMAS";"47,67";"47,67"
"411770 PALMEIRA";"53,88";"53,88"
"411780 PALMITAL";"69,66";"69,66"
"411790 PALOTINA";"64,52";"64,52"
"411800 PARAISO DO NORTE";"79,49";"79,49"
"411810 PARANACITY";"64,46";"64,46"
"411820 PARANAGUA";"42,88";"42,88"
"411830 PARANAPOEMA";"87,10";"87,10"
"411840 PARANAVAI";"43,98";"43,98"
"411845 PATO BRAGADO";"65,67";"65,67"
"411850 PATO BRANCO";"75,29";"75,29"
"411860 PAULA FREITAS";"48,33";"48,33"
"411870 PAULO FRONTIN";"30,16";"30,16"
"411880 PEABIRU";"65,56";"65,56"
"411885 PEROBAL";"60,20";"60,20"
"411890 PEROLA";"45,52";"45,52"
"411900 PEROLA D\'OESTE";"60,26";"60,26"
"411910 PIEN";"91,67";"91,67"
"411915 PINHAIS";"60,38";"60,38"
"411920 PINHALAO";"63,86";"63,86"
"411925 PINHAL DE SAO BENTO";"126,09";"126,09"
"411930 PINHAO";"54,47";"54,47"
"411940 PIRAI DO SUL";"76,27";"76,27"
"411950 PIRAQUARA";"60,52";"60,52"
"411960 PITANGA";"75,29";"75,29"
"411965 PITANGUEIRAS";"185,71";"185,71"
"411970 PLANALTINA DO PARANA";"14,29";"14,29"
"411980 PLANALTO";"56,16";"56,16"
"411990 PONTA GROSSA";"61,72";"61,72"
"411995 PONTAL DO PARANA";"12,97";"12,97"
"412000 PORECATU";"76,70";"76,70"
"412010 PORTO AMAZONAS";"64,58";"64,58"
"412015 PORTO BARREIRO";"72,09";"72,09"
"412020 PORTO RICO";"76,47";"76,47"
"412030 PORTO VITORIA";"77,78";"77,78"
"412033 PRADO FERREIRA";"69,49";"69,49"
"412035 PRANCHITA";"44,58";"44,58"
"412040 PRESIDENTE CASTELO BRANCO";"27,27";"27,27"
"412050 PRIMEIRO DE MAIO";"94,87";"94,87"
"412060 PRUDENTOPOLIS";"78,04";"78,04"
"412065 QUARTO CENTENARIO";"50,00";"50,00"
"412070 QUATIGUA";"83,91";"83,91"
"412080 QUATRO BARRAS";"60,65";"60,65"
"412085 QUATRO PONTES";"53,19";"53,19"
"412090 QUEDAS DO IGUACU";"86,49";"86,49"
"412100 QUERENCIA DO NORTE";"55,70";"55,70"
"412110 QUINTA DO SOL";"42,00";"42,00"
"412120 QUITANDINHA";"61,32";"61,32"
"412125 RAMILANDIA";"30,99";"30,99"
"412130 RANCHO ALEGRE";"120,69";"120,69"
"412135 RANCHO ALEGRE D\'OESTE";"79,31";"79,31"
"412140 REALEZA";"70,10";"70,10"
"412150 REBOUCAS";"75,14";"75,14"
"412160 RENASCENCA";"39,33";"39,33"
"412170 RESERVA";"25,07";"25,07"
"412175 RESERVA DO IGUACU";"60,64";"60,64"
"412180 RIBEIRAO CLARO";"76,92";"76,92"
"412190 RIBEIRAO DO PINHAL";"84,11";"84,11"
"412200 RIO AZUL";"72,61";"72,61"
"412210 RIO BOM";"64,52";"64,52"
"412215 RIO BONITO DO IGUACU";"68,35";"68,35"
"412217 RIO BRANCO DO IVAI";"43,75";"43,75"
"412220 RIO BRANCO DO SUL";"44,53";"44,53"
"412230 RIO NEGRO";"31,44";"31,44"
"412240 ROLANDIA";"63,48";"63,48"
"412250 RONCADOR";"44,12";"44,12"
"412260 RONDON";"65,31";"65,31"
"412265 ROSARIO DO IVAI";"73,77";"73,77"
"412270 SABAUDIA";"83,84";"83,84"
"412280 SALGADO FILHO";"82,61";"82,61"
"412290 SALTO DO ITARARE";"56,92";"56,92"
"412300 SALTO DO LONTRA";"77,33";"77,33"
"412310 SANTA AMELIA";"51,52";"51,52"
"412320 SANTA CECILIA DO PAVAO";"42,86";"42,86"
"412330 SANTA CRUZ DE MONTE CASTELO";"38,94";"38,94"
"412340 SANTA FE";"52,07";"52,07"
"412350 SANTA HELENA";"72,61";"72,61"
"412360 SANTA INES";"68,42";"68,42"
"412370 SANTA ISABEL DO IVAI";"59,55";"59,55"
"412380 SANTA IZABEL DO OESTE";"84,35";"84,35"
"412382 SANTA LUCIA";"56,82";"56,82"
"412385 SANTA MARIA DO OESTE";"62,50";"62,50"
"412390 SANTA MARIANA";"48,18";"48,18"
"412395 SANTA MONICA";"58,33";"58,33"
"412400 SANTANA DO ITARARE";"38,67";"38,67"
"412402 SANTA TEREZA DO OESTE";"94,55";"94,55"
"412405 SANTA TEREZINHA DE ITAIPU";"56,69";"56,69"
"412410 SANTO ANTONIO DA PLATINA";"66,25";"66,25"
"412420 SANTO ANTONIO DO CAIUA";"44,83";"44,83"
"412430 SANTO ANTONIO DO PARAISO";"33,33";"33,33"
"412440 SANTO ANTONIO DO SUDOESTE";"55,78";"55,78"
"412450 SANTO INACIO";"23,17";"23,17"
"412460 SAO CARLOS DO IVAI";"78,26";"78,26"
"412470 SAO JERONIMO DA SERRA";"31,06";"31,06"
"412480 SAO JOAO";"75,18";"75,18"
"412490 SAO JOAO DO CAIUA";"69,23";"69,23"
"412500 SAO JOAO DO IVAI";"64,71";"64,71"
"412510 SAO JOAO DO TRIUNFO";"51,93";"51,93"
"412520 SAO JORGE D\'OESTE";"48,28";"48,28"
"412530 SAO JORGE DO IVAI";"94,74";"94,74"
"412535 SAO JORGE DO PATROCINIO";"81,58";"81,58"
"412540 SAO JOSE DA BOA VISTA";"69,44";"69,44"
"412545 SAO JOSE DAS PALMEIRAS";"72,73";"72,73"
"412550 SAO JOSE DOS PINHAIS";"55,61";"55,61"
"412555 SAO MANOEL DO PARANA";"83,33";"83,33"
"412560 SAO MATEUS DO SUL";"39,74";"39,74"
"412570 SAO MIGUEL DO IGUACU";"41,88";"41,88"
"412575 SAO PEDRO DO IGUACU";"25,30";"25,30"
"412580 SAO PEDRO DO IVAI";"73,26";"73,26"
"412590 SAO PEDRO DO PARANA";"60,61";"60,61"
"412600 SAO SEBASTIAO DA AMOREIRA";"77,11";"77,11"
"412610 SAO TOME";"50,00";"50,00"
"412620 SAPOPEMA";"91,78";"91,78"
"412625 SARANDI";"45,29";"45,29"
"412627 SAUDADE DO IGUACU";"52,50";"52,50"
"412630 SENGES";"61,83";"61,83"
"412635 SERRANOPOLIS DO IGUACU";"29,82";"29,82"
"412640 SERTANEJA";"65,31";"65,31"
"412650 SERTANOPOLIS";"52,69";"52,69"
"412660 SIQUEIRA CAMPOS";"80,29";"80,29"
"412665 SULINA";"107,14";"107,14"
"412667 TAMARANA";"64,60";"64,60"
"412670 TAMBOARA";"93,75";"93,75"
"412680 TAPEJARA";"61,11";"61,11"
"412690 TAPIRA";"38,03";"38,03"
"412700 TEIXEIRA SOARES";"67,48";"67,48"
"412710 TELEMACO BORBA";"59,57";"59,57"
"412720 TERRA BOA";"77,10";"77,10"
"412730 TERRA RICA";"52,38";"52,38"
"412740 TERRA ROXA";"61,60";"61,60"
"412750 TIBAGI";"68,46";"68,46"
"412760 TIJUCAS DO SUL";"60,96";"60,96"
"412770 TOLEDO";"62,07";"62,07"
"412780 TOMAZINA";"67,57";"67,57"
"412785 TRES BARRAS DO PARANA";"48,15";"48,15"
"412788 TUNAS DO PARANA";"10,66";"10,66"
"412790 TUNEIRAS DO OESTE";"61,70";"61,70"
"412795 TUPASSI";"14,46";"14,46"
"412796 TURVO";"88,44";"88,44"
"412800 UBIRATA";"59,51";"59,51"
"412810 UMUARAMA";"64,97";"64,97"
"412820 UNIAO DA VITORIA";"61,78";"61,78"
"412830 UNIFLOR";"68,00";"68,00"
"412840 URAI";"65,22";"65,22"
"412850 WENCESLAU BRAZ";"56,87";"56,87"
"412853 VENTANIA";"50,40";"50,40"
"412855 VERA CRUZ DO OESTE";"60,20";"60,20"
"412860 VERE";"54,65";"54,65"
"412862 ALTO PARAISO";"33,96";"33,96"
"412863 DOUTOR ULYSSES";"53,23";"53,23"
"412865 VIRMOND";"57,14";"57,14"
"412870 VITORINO";"90,83";"90,83"
"412880 XAMBRE";"82,35";"82,35"
"420005 ABDON BATISTA";"43,48";"43,48"
"420010 ABELARDO LUZ";"58,24";"58,24"
"420020 AGROLANDIA";"99,12";"99,12"
"420030 AGRONOMICA";"84,38";"84,38"
"420040 AGUA DOCE";"73,79";"73,79"
"420050 AGUAS DE CHAPECO";"39,29";"39,29"
"420055 AGUAS FRIAS";"56,67";"56,67"
"420060 AGUAS MORNAS";"98,53";"98,53"
"420070 ALFREDO WAGNER";"83,52";"83,52"
"420075 ALTO BELA VISTA";"10,53";"10,53"
"420080 ANCHIETA";"64,15";"64,15"
"420090 ANGELINA";"27,12";"27,12"
"420100 ANITA GARIBALDI";"68,18";"68,18"
"420110 ANITAPOLIS";"96,88";"96,88"
"420120 ANTONIO CARLOS";"73,11";"73,11"
"420125 APIUNA";"55,17";"55,17"
"420127 ARABUTA";"28,00";"28,00"
"420130 ARAQUARI";"78,63";"78,63"
"420140 ARARANGUA";"73,48";"73,48"
"420150 ARMAZEM";"68,22";"68,22"
"420160 ARROIO TRINTA";"71,05";"71,05"
"420165 ARVOREDO";"95,24";"95,24"
"420170 ASCURRA";"50,00";"50,00"
"420180 ATALANTA";"62,50";"62,50"
"420190 AURORA";"66,23";"66,23"
"420195 BALNEARIO ARROIO DO SILVA";"40,13";"40,13"
"420200 BALNEARIO CAMBORIU";"65,39";"65,39"
"420205 BALNEARIO BARRA DO SUL";"76,15";"76,15"
"420207 BALNEARIO GAIVOTA";"50,72";"50,72"
"420208 BANDEIRANTE";"77,50";"77,50"
"420209 BARRA BONITA";"72,22";"72,22"
"420210 BARRA VELHA";"75,00";"75,00"
"420213 BELA VISTA DO TOLDO";"66,67";"66,67"
"420215 BELMONTE";"90,00";"90,00"
"420230 BIGUACU";"62,82";"62,82"
"420240 BLUMENAU";"65,52";"65,52"
"420243 BOCAINA DO SUL";"76,67";"76,67"
"420245 BOMBINHAS";"57,40";"57,40"
"420250 BOM JARDIM DA SERRA";"40,62";"40,62"
"420253 BOM JESUS";"66,67";"66,67"
"420257 BOM JESUS DO OESTE";"95,00";"95,00"
"420260 BOM RETIRO";"45,61";"45,61"
"420270 BOTUVERA";"53,03";"53,03"
"420280 BRACO DO NORTE";"63,81";"63,81"
"420285 BRACO DO TROMBUDO";"72,50";"72,50"
"420287 BRUNOPOLIS";"103,45";"103,45"
"420290 BRUSQUE";"59,49";"59,49"
"420300 CACADOR";"59,68";"59,68"
"420310 CAIBI";"43,90";"43,90"
"420315 CALMON";"70,69";"70,69"
"420320 CAMBORIU";"65,39";"65,39"
"420325 CAPAO ALTO";"33,33";"33,33"
"420330 CAMPO ALEGRE";"53,57";"53,57"
"420340 CAMPO BELO DO SUL";"59,72";"59,72"
"420350 CAMPO ERE";"73,48";"73,48"
"420360 CAMPOS NOVOS";"34,12";"34,12"
"420370 CANELINHA";"70,75";"70,75"
"420380 CANOINHAS";"49,20";"49,20"
"420390 CAPINZAL";"76,68";"76,68"
"420395 CAPIVARI DE BAIXO";"35,85";"35,85"
"420400 CATANDUVAS";"73,68";"73,68"
"420410 CAXAMBU DO SUL";"55,93";"55,93"
"420415 CELSO RAMOS";"64,29";"64,29"
"420417 CERRO NEGRO";"81,08";"81,08"
"420419 CHAPADAO DO LAGEADO";"62,50";"62,50"
"420420 CHAPECO";"46,30";"46,30"
"420425 COCAL DO SUL";"58,76";"58,76"
"420430 CONCORDIA";"75,93";"75,93"
"420435 CORDILHEIRA ALTA";"78,57";"78,57"
"420440 CORONEL FREITAS";"73,02";"73,02"
"420445 CORONEL MARTINS";"106,25";"106,25"
"420450 CORUPA";"95,06";"95,06"
"420455 CORREIA PINTO";"75,58";"75,58"
"420460 CRICIUMA";"41,66";"41,66"
"420470 CUNHA PORA";"94,96";"94,96"
"420475 CUNHATAI";"44,00";"44,00"
"420480 CURITIBANOS";"73,31";"73,31"
"420490 DESCANSO";"79,55";"79,55"
"420500 DIONISIO CERQUEIRA";"52,27";"52,27"
"420510 DONA EMMA";"51,67";"51,67"
"420515 DOUTOR PEDRINHO";"61,11";"61,11"
"420517 ENTRE RIOS";"92,45";"92,45"
"420519 ERMO";"45,16";"45,16"
"420520 ERVAL VELHO";"55,74";"55,74"
"420530 FAXINAL DOS GUEDES";"72,30";"72,30"
"420535 FLOR DO SERTAO";"42,86";"42,86"
"420540 FLORIANOPOLIS";"63,79";"63,79"
"420543 FORMOSA DO SUL";"147,83";"147,83"
"420545 FORQUILHINHA";"63,81";"63,81"
"420550 FRAIBURGO";"53,14";"53,14"
"420555 FREI ROGERIO";"105,00";"105,00"
"420560 GALVAO";"106,90";"106,90"
"420570 GAROPABA";"63,14";"63,14"
"420580 GARUVA";"67,83";"67,83"
"420590 GASPAR";"62,06";"62,06"
"420600 GOVERNADOR CELSO RAMOS";"61,07";"61,07"
"420610 GRAO PARA";"96,10";"96,10"
"420620 GRAVATAL";"67,19";"67,19"
"420630 GUABIRUBA";"73,62";"73,62"
"420640 GUARACIABA";"64,57";"64,57"
"420650 GUARAMIRIM";"57,79";"57,79"
"420660 GUARUJA DO SUL";"57,89";"57,89"
"420665 GUATAMBU";"67,01";"67,01"
"420670 HERVAL D\'OESTE";"63,39";"63,39"
"420675 IBIAM";"50,00";"50,00"
"420680 IBICARE";"154,17";"154,17"
"420690 IBIRAMA";"1,93";"1,93"
"420700 ICARA";"20,95";"20,95"
"420710 ILHOTA";"89,89";"89,89"
"420720 IMARUI";"87,63";"87,63"
"420730 IMBITUBA";"9,37";"9,37"
"420740 IMBUIA";"88,76";"88,76"
"420750 INDAIAL";"66,43";"66,43"
"420757 IOMERE";"51,28";"51,28"
"420760 IPIRA";"72,92";"72,92"
"420765 IPORA DO OESTE";"65,45";"65,45"
"420768 IPUACU";"75,63";"75,63"
"420770 IPUMIRIM";"72,73";"72,73"
"420775 IRACEMINHA";"82,35";"82,35"
"420780 IRANI";"60,99";"60,99"
"420785 IRATI";"79,31";"79,31"
"420790 IRINEOPOLIS";"69,47";"69,47"
"420800 ITA";"92,59";"92,59"
"420810 ITAIOPOLIS";"69,00";"69,00"
"420820 ITAJAI";"19,46";"19,46"
"420830 ITAPEMA";"66,78";"66,78"
"420840 ITAPIRANGA";"83,66";"83,66"
"420845 ITAPOA";"93,68";"93,68"
"420850 ITUPORANGA";"64,78";"64,78"
"420860 JABORA";"75,00";"75,00"
"420870 JACINTO MACHADO";"2,52";"2,52"
"420880 JAGUARUNA";"60,08";"60,08"
"420890 JARAGUA DO SUL";"79,18";"79,18"
"420895 JARDINOPOLIS";"57,14";"57,14"
"420900 JOACABA";"64,81";"64,81"
"420910 JOINVILLE";"65,80";"65,80"
"420915 JOSE BOITEUX";"69,23";"69,23"
"420917 JUPIA";"51,61";"51,61"
"420920 LACERDOPOLIS";"72,00";"72,00"
"420930 LAGES";"25,62";"25,62"
"420940 LAGUNA";"58,55";"58,55"
"420945 LAJEADO GRANDE";"79,17";"79,17"
"420950 LAURENTINO";"62,64";"62,64"
"420960 LAURO MULLER";"70,51";"70,51"
"420970 LEBON REGIS";"67,57";"67,57"
"420980 LEOBERTO LEAL";"102,94";"102,94"
"420985 LINDOIA DO SUL";"71,70";"71,70"
"420990 LONTRAS";"87,23";"87,23"
"421000 LUIZ ALVES";"78,57";"78,57"
"421003 LUZERNA";"60,00";"60,00"
"421005 MACIEIRA";"77,27";"77,27"
"421010 MAFRA";"66,57";"66,57"
"421020 MAJOR GERCINO";"32,14";"32,14"
"421030 MAJOR VIEIRA";"52,69";"52,69"
"421040 MARACAJA";"82,29";"82,29"
"421050 MARAVILHA";"80,00";"80,00"
"421055 MAREMA";"16,67";"16,67"
"421060 MASSARANDUBA";"70,05";"70,05"
"421070 MATOS COSTA";"91,43";"91,43"
"421080 MELEIRO";"80,56";"80,56"
"421085 MIRIM DOCE";"57,58";"57,58"
"421090 MODELO";"53,33";"53,33"
"421100 MONDAI";"78,18";"78,18"
"421105 MONTE CARLO";"70,77";"70,77"
"421110 MONTE CASTELO";"75,00";"75,00"
"421120 MORRO DA FUMACA";"56,78";"56,78"
"421125 MORRO GRANDE";"91,18";"91,18"
"421130 NAVEGANTES";"48,52";"48,52"
"421140 NOVA ERECHIM";"45,59";"45,59"
"421145 NOVA ITABERABA";"83,02";"83,02"
"421150 NOVA TRENTO";"60,11";"60,11"
"421160 NOVA VENEZA";"70,75";"70,75"
"421165 NOVO HORIZONTE";"81,82";"81,82"
"421170 ORLEANS";"80,34";"80,34"
"421175 OTACILIO COSTA";"49,77";"49,77"
"421180 OURO";"73,85";"73,85"
"421185 OURO VERDE";"104,55";"104,55"
"421187 PAIAL";"34,62";"34,62"
"421189 PAINEL";"57,14";"57,14"
"421190 PALHOCA";"0,35";"0,35"
"421200 PALMA SOLA";"84,26";"84,26"
"421205 PALMEIRA";"71,43";"71,43"
"421210 PALMITOS";"71,70";"71,70"
"421220 PAPANDUVA";"88,16";"88,16"
"421223 PARAISO";"84,21";"84,21"
"421225 PASSO DE TORRES";"71,08";"71,08"
"421227 PASSOS MAIA";"72,13";"72,13"
"421230 PAULO LOPES";"77,78";"77,78"
"421240 PEDRAS GRANDES";"81,08";"81,08"
"421250 PENHA";"67,76";"67,76"
"421260 PERITIBA";"61,29";"61,29"
"421265 PESCARIA BRAVA";"61,47";"61,47"
"421270 PETROLANDIA";"60,00";"60,00"
"421280 BALNEARIO PICARRAS";"71,69";"71,69"
"421290 PINHALZINHO";"81,85";"81,85"
"421300 PINHEIRO PRETO";"83,33";"83,33"
"421310 PIRATUBA";"85,11";"85,11"
"421315 PLANALTO ALEGRE";"48,94";"48,94"
"421320 POMERODE";"72,70";"72,70"
"421330 PONTE ALTA";"70,69";"70,69"
"421335 PONTE ALTA DO NORTE";"75,00";"75,00"
"421340 PONTE SERRADA";"60,29";"60,29"
"421350 PORTO BELO";"63,43";"63,43"
"421360 PORTO UNIAO";"69,33";"69,33"
"421370 POUSO REDONDO";"45,87";"45,87"
"421380 PRAIA GRANDE";"51,61";"51,61"
"421390 PRESIDENTE CASTELLO BRANCO";"93,33";"93,33"
"421400 PRESIDENTE GETULIO";"53,60";"53,60"
"421410 PRESIDENTE NEREU";"20,00";"20,00"
"421415 PRINCESA";"48,72";"48,72"
"421420 QUILOMBO";"67,24";"67,24"
"421430 RANCHO QUEIMADO";"57,50";"57,50"
"421440 RIO DAS ANTAS";"60,32";"60,32"
"421450 RIO DO CAMPO";"51,95";"51,95"
"421460 RIO DO OESTE";"62,24";"62,24"
"421470 RIO DOS CEDROS";"78,00";"78,00"
"421480 RIO DO SUL";"56,86";"56,86"
"421490 RIO FORTUNA";"105,88";"105,88"
"421500 RIO NEGRINHO";"56,16";"56,16"
"421505 RIO RUFINO";"52,63";"52,63"
"421507 RIQUEZA";"72,92";"72,92"
"421510 RODEIO";"52,14";"52,14"
"421520 ROMELANDIA";"89,13";"89,13"
"421530 SALETE";"54,74";"54,74"
"421535 SALTINHO";"94,87";"94,87"
"421540 SALTO VELOSO";"80,00";"80,00"
"421545 SANGAO";"53,41";"53,41"
"421550 SANTA CECILIA";"66,91";"66,91"
"421555 SANTA HELENA";"82,61";"82,61"
"421560 SANTA ROSA DE LIMA";"65,00";"65,00"
"421565 SANTA ROSA DO SUL";"49,04";"49,04"
"421567 SANTA TEREZINHA";"61,45";"61,45"
"421568 SANTA TEREZINHA DO PROGRESSO";"121,05";"121,05"
"421569 SANTIAGO DO SUL";"147,06";"147,06"
"421570 SANTO AMARO DA IMPERATRIZ";"67,24";"67,24"
"421575 SAO BERNARDINO";"48,57";"48,57"
"421580 SAO BENTO DO SUL";"86,27";"86,27"
"421590 SAO BONIFACIO";"118,18";"118,18"
"421600 SAO CARLOS";"48,55";"48,55"
"421605 SAO CRISTOVAO DO SUL";"70,67";"70,67"
"421610 SAO DOMINGOS";"56,67";"56,67"
"421620 SAO FRANCISCO DO SUL";"56,11";"56,11"
"421625 SAO JOAO DO OESTE";"98,00";"98,00"
"421630 SAO JOAO BATISTA";"72,77";"72,77"
"421635 SAO JOAO DO ITAPERIU";"77,19";"77,19"
"421640 SAO JOAO DO SUL";"96,39";"96,39"
"421650 SAO JOAQUIM";"78,43";"78,43"
"421660 SAO JOSE";"56,12";"56,12"
"421670 SAO JOSE DO CEDRO";"62,73";"62,73"
"421680 SAO JOSE DO CERRITO";"107,46";"107,46"
"421690 SAO LOURENCO DO OESTE";"42,15";"42,15"
"421700 SAO LUDGERO";"94,62";"94,62"
"421710 SAO MARTINHO";"66,67";"66,67"
"421715 SAO MIGUEL DA BOA VISTA";"75,00";"75,00"
"421720 SAO MIGUEL DO OESTE";"56,21";"56,21"
"421725 SAO PEDRO DE ALCANTARA";"25,64";"25,64"
"421730 SAUDADES";"79,21";"79,21"
"421740 SCHROEDER";"76,21";"76,21"
"421750 SEARA";"53,33";"53,33"
"421755 SERRA ALTA";"96,97";"96,97"
"421760 SIDEROPOLIS";"55,30";"55,30"
"421770 SOMBRIO";"66,75";"66,75"
"421775 SUL BRASIL";"95,45";"95,45"
"421780 TAIO";"86,34";"86,34"
"421790 TANGARA";"98,72";"98,72"
"421795 TIGRINHOS";"47,37";"47,37"
"421800 TIJUCAS";"52,03";"52,03"
"421810 TIMBE DO SUL";"60,66";"60,66"
"421820 TIMBO";"81,74";"81,74"
"421825 TIMBO GRANDE";"56,76";"56,76"
"421830 TRES BARRAS";"44,59";"44,59"
"421835 TREVISO";"68,89";"68,89"
"421840 TREZE DE MAIO";"60,42";"60,42"
"421850 TREZE TILIAS";"81,25";"81,25"
"421860 TROMBUDO CENTRAL";"65,75";"65,75"
"421870 TUBARAO";"73,44";"73,44"
"421875 TUNAPOLIS";"85,48";"85,48"
"421880 TURVO";"49,38";"49,38"
"421885 UNIAO DO OESTE";"83,87";"83,87"
"421890 URUBICI";"60,32";"60,32"
"421895 URUPEMA";"77,14";"77,14"
"421900 URUSSANGA";"63,64";"63,64"
"421910 VARGEAO";"41,27";"41,27"
"421915 VARGEM";"61,29";"61,29"
"421917 VARGEM BONITA";"112,50";"112,50"
"421920 VIDAL RAMOS";"41,86";"41,86"
"421930 VIDEIRA";"55,73";"55,73"
"421935 VITOR MEIRELES";"70,27";"70,27"
"421940 WITMARSUM";"79,07";"79,07"
"421950 XANXERE";"11,64";"11,64"
"421960 XAVANTINA";"121,74";"121,74"
"421970 XAXIM";"60,74";"60,74"
"421985 ZORTEA";"52,46";"52,46"
"422000 BALNEARIO RINCAO";"35,39";"35,39"
"430003 ACEGUA";"78,43";"78,43"
"430005 AGUA SANTA";"23,40";"23,40"
"430010 AGUDO";"76,16";"76,16"
"430020 AJURICABA";"79,63";"79,63"
"430030 ALECRIM";"86,67";"86,67"
"430040 ALEGRETE";"63,37";"63,37"
"430045 ALEGRIA";"40,54";"40,54"
"430047 ALMIRANTE TAMANDARE DO SUL";"18,75";"18,75"
"430050 ALPESTRE";"141,30";"141,30"
"430055 ALTO ALEGRE";"120,00";"120,00"
"430057 ALTO FELIZ";"140,00";"140,00"
"430060 ALVORADA";"38,87";"38,87"
"430063 AMARAL FERRADOR";"14,29";"14,29"
"430064 AMETISTA DO SUL";"93,51";"93,51"
"430066 ANDRE DA ROCHA";"116,67";"116,67"
"430070 ANTA GORDA";"60,71";"60,71"
"430080 ANTONIO PRADO";"12,93";"12,93"
"430085 ARAMBARE";"50,00";"50,00"
"430087 ARARICA";"65,85";"65,85"
"430090 ARATIBA";"40,98";"40,98"
"430100 ARROIO DO MEIO";"69,76";"69,76"
"430105 ARROIO DO SAL";"100,00";"100,00"
"430107 ARROIO DO PADRE";"61,11";"61,11"
"430110 ARROIO DOS RATOS";"46,36";"46,36"
"430120 ARROIO DO TIGRE";"93,46";"93,46"
"430130 ARROIO GRANDE";"45,93";"45,93"
"430140 ARVOREZINHA";"55,66";"55,66"
"430150 AUGUSTO PESTANA";"60,00";"60,00"
"430155 AUREA";"46,43";"46,43"
"430160 BAGE";"56,05";"56,05"
"430163 BALNEARIO PINHAL";"49,28";"49,28"
"430165 BARAO";"48,08";"48,08"
"430170 BARAO DE COTEGIPE";"68,57";"68,57"
"430175 BARAO DO TRIUNFO";"100,00";"100,00"
"430180 BARRACAO";"51,72";"51,72"
"430185 BARRA DO GUARITA";"81,40";"81,40"
"430187 BARRA DO QUARAI";"2,70";"2,70"
"430190 BARRA DO RIBEIRO";"69,57";"69,57"
"430192 BARRA DO RIO AZUL";"100,00";"100,00"
"430195 BARRA FUNDA";"67,74";"67,74"
"430200 BARROS CASSAL";"91,11";"91,11"
"430205 BENJAMIN CONSTANT DO SUL";"24,00";"24,00"
"430210 BENTO GONCALVES";"54,52";"54,52"
"430215 BOA VISTA DAS MISSOES";"39,29";"39,29"
"430220 BOA VISTA DO BURICA";"83,33";"83,33"
"430222 BOA VISTA DO CADEADO";"84,21";"84,21"
"430223 BOA VISTA DO INCRA";"65,62";"65,62"
"430225 BOA VISTA DO SUL";"66,67";"66,67"
"430230 BOM JESUS";"54,42";"54,42"
"430235 BOM PRINCIPIO";"51,70";"51,70"
"430237 BOM PROGRESSO";"76,67";"76,67"
"430240 BOM RETIRO DO SUL";"73,97";"73,97"
"430245 BOQUEIRAO DO LEAO";"18,95";"18,95"
"430250 BOSSOROCA";"72,41";"72,41"
"430258 BOZANO";"69,57";"69,57"
"430260 BRAGA";"83,78";"83,78"
"430265 BROCHIER";"54,76";"54,76"
"430270 BUTIA";"53,27";"53,27"
"430280 CACAPAVA DO SUL";"54,57";"54,57"
"430290 CACEQUI";"31,48";"31,48"
"430300 CACHOEIRA DO SUL";"71,06";"71,06"
"430310 CACHOEIRINHA";"57,24";"57,24"
"430320 CACIQUE DOBLE";"75,00";"75,00"
"430330 CAIBATE";"61,22";"61,22"
"430340 CAICARA";"112,82";"112,82"
"430350 CAMAQUA";"34,27";"34,27"
"430355 CAMARGO";"75,00";"75,00"
"430360 CAMBARA DO SUL";"36,76";"36,76"
"430367 CAMPESTRE DA SERRA";"115,00";"115,00"
"430370 CAMPINA DAS MISSOES";"114,63";"114,63"
"430380 CAMPINAS DO SUL";"83,02";"83,02"
"430390 CAMPO BOM";"62,62";"62,62"
"430400 CAMPO NOVO";"66,67";"66,67"
"430410 CAMPOS BORGES";"73,08";"73,08"
"430420 CANDELARIA";"54,28";"54,28"
"430430 CANDIDO GODOI";"50,00";"50,00"
"430435 CANDIOTA";"42,86";"42,86"
"430440 CANELA";"34,50";"34,50"
"430450 CANGUCU";"76,35";"76,35"
"430460 CANOAS";"44,58";"44,58"
"430461 CANUDOS DO VALE";"81,82";"81,82"
"430462 CAPAO BONITO DO SUL";"100,00";"100,00"
"430463 CAPAO DA CANOA";"4,74";"4,74"
"430465 CAPAO DO CIPO";"105,56";"105,56"
"430466 CAPAO DO LEAO";"22,06";"22,06"
"430467 CAPIVARI DO SUL";"51,02";"51,02"
"430468 CAPELA DE SANTANA";"54,24";"54,24"
"430469 CAPITAO";"57,58";"57,58"
"430470 CARAZINHO";"38,76";"38,76"
"430471 CARAA";"68,97";"68,97"
"430480 CARLOS BARBOSA";"50,00";"50,00"
"430485 CARLOS GOMES";"72,73";"72,73"
"430490 CASCA";"54,12";"54,12"
"430495 CASEIROS";"92,00";"92,00"
"430500 CATUIPE";"82,19";"82,19"
"430510 CAXIAS DO SUL";"55,29";"55,29"
"430511 CENTENARIO";"69,57";"69,57"
"430512 CERRITO";"89,74";"89,74"
"430513 CERRO BRANCO";"60,00";"60,00"
"430515 CERRO GRANDE";"92,59";"92,59"
"430517 CERRO GRANDE DO SUL";"61,47";"61,47"
"430520 CERRO LARGO";"78,10";"78,10"
"430530 CHAPADA";"83,33";"83,33"
"430535 CHARQUEADAS";"55,52";"55,52"
"430537 CHARRUA";"27,59";"27,59"
"430540 CHIAPETTA";"56,41";"56,41"
"430543 CHUI";"59,46";"59,46"
"430544 CHUVISCA";"62,50";"62,50"
"430545 CIDREIRA";"32,97";"32,97"
"430550 CIRIACO";"77,14";"77,14"
"430558 COLINAS";"82,35";"82,35"
"430560 COLORADO";"55,17";"55,17"
"430570 CONDOR";"84,72";"84,72"
"430580 CONSTANTINA";"52,48";"52,48"
"430583 COQUEIRO BAIXO";"75,00";"75,00"
"430585 COQUEIROS DO SUL";"47,06";"47,06"
"430587 CORONEL BARROS";"75,00";"75,00"
"430590 CORONEL BICACO";"69,74";"69,74"
"430593 CORONEL PILAR";"100,00";"100,00"
"430595 COTIPORA";"71,88";"71,88"
"430597 COXILHA";"48,72";"48,72"
"430600 CRISSIUMAL";"67,72";"67,72"
"430605 CRISTAL";"34,62";"34,62"
"430607 CRISTAL DO SUL";"89,29";"89,29"
"430610 CRUZ ALTA";"75,61";"75,61"
"430613 CRUZALTENSE";"100,00";"100,00"
"430620 CRUZEIRO DO SUL";"66,67";"66,67"
"430630 DAVID CANABARRO";"82,76";"82,76"
"430632 DERRUBADAS";"125,00";"125,00"
"430635 DEZESSEIS DE NOVEMBRO";"100,00";"100,00"
"430637 DILERMANDO DE AGUIAR";"83,33";"83,33"
"430640 DOIS IRMAOS";"69,91";"69,91"
"430642 DOIS IRMAOS DAS MISSOES";"85,71";"85,71"
"430645 DOIS LAJEADOS";"50,00";"50,00"
"430650 DOM FELICIANO";"9,03";"9,03"
"430655 DOM PEDRO DE ALCANTARA";"67,86";"67,86"
"430660 DOM PEDRITO";"72,89";"72,89"
"430670 DONA FRANCISCA";"5,71";"5,71"
"430673 DOUTOR MAURICIO CARDOSO";"79,41";"79,41"
"430675 DOUTOR RICARDO";"158,33";"158,33"
"430676 ELDORADO DO SUL";"69,52";"69,52"
"430680 ENCANTADO";"46,36";"46,36"
"430690 ENCRUZILHADA DO SUL";"43,40";"43,40"
"430692 ENGENHO VELHO";"80,95";"80,95"
"430693 ENTRE-IJUIS";"14,14";"14,14"
"430695 ENTRE RIOS DO SUL";"84,62";"84,62"
"430697 EREBANGO";"109,09";"109,09"
"430700 ERECHIM";"54,65";"54,65"
"430705 ERNESTINA";"66,67";"66,67"
"430710 HERVAL";"39,66";"39,66"
"430720 ERVAL GRANDE";"67,24";"67,24"
"430730 ERVAL SECO";"47,50";"47,50"
"430740 ESMERALDA";"27,78";"27,78"
"430745 ESPERANCA DO SUL";"79,17";"79,17"
"430750 ESPUMOSO";"58,93";"58,93"
"430755 ESTACAO";"61,11";"61,11"
"430760 ESTANCIA VELHA";"28,66";"28,66"
"430770 ESTEIO";"40,25";"40,25"
"430780 ESTRELA";"66,13";"66,13"
"430781 ESTRELA VELHA";"66,67";"66,67"
"430783 EUGENIO DE CASTRO";"73,91";"73,91"
"430786 FAGUNDES VARELA";"100,00";"100,00"
"430790 FARROUPILHA";"54,44";"54,44"
"430800 FAXINAL DO SOTURNO";"48,48";"48,48"
"430805 FAXINALZINHO";"65,38";"65,38"
"430807 FAZENDA VILANOVA";"70,83";"70,83"
"430820 FLORES DA CUNHA";"69,65";"69,65"
"430825 FLORIANO PEIXOTO";"58,82";"58,82"
"430830 FONTOURA XAVIER";"68,67";"68,67"
"430840 FORMIGUEIRO";"55,56";"55,56"
"430843 FORQUETINHA";"92,31";"92,31"
"430845 FORTALEZA DOS VALOS";"69,23";"69,23"
"430850 FREDERICO WESTPHALEN";"59,24";"59,24"
"430860 GARIBALDI";"76,66";"76,66"
"430865 GARRUCHOS";"80,95";"80,95"
"430870 GAURAMA";"42,00";"42,00"
"430880 GENERAL CAMARA";"53,33";"53,33"
"430885 GENTIL";"135,29";"135,29"
"430890 GETULIO VARGAS";"38,96";"38,96"
"430900 GIRUA";"56,40";"56,40"
"430905 GLORINHA";"29,21";"29,21"
"430910 GRAMADO";"59,21";"59,21"
"430912 GRAMADO DOS LOUREIROS";"42,50";"42,50"
"430915 GRAMADO XAVIER";"55,81";"55,81"
"430920 GRAVATAI";"52,28";"52,28"
"430925 GUABIJU";"29,41";"29,41"
"430930 GUAIBA";"45,25";"45,25"
"430940 GUAPORE";"48,83";"48,83"
"430950 GUARANI DAS MISSOES";"81,97";"81,97"
"430955 HARMONIA";"60,00";"60,00"
"430957 HERVEIRAS";"48,78";"48,78"
"430960 HORIZONTINA";"53,98";"53,98"
"430965 HULHA NEGRA";"62,50";"62,50"
"430970 HUMAITA";"71,79";"71,79"
"430975 IBARAMA";"79,41";"79,41"
"430980 IBIACA";"43,90";"43,90"
"430990 IBIRAIARAS";"78,12";"78,12"
"430995 IBIRAPUITA";"36,36";"36,36"
"431000 IBIRUBA";"58,80";"58,80"
"431010 IGREJINHA";"16,07";"16,07"
"431020 IJUI";"53,63";"53,63"
"431030 ILOPOLIS";"88,64";"88,64"
"431033 IMBE";"27,17";"27,17"
"431036 IMIGRANTE";"38,46";"38,46"
"431040 INDEPENDENCIA";"58,93";"58,93"
"431041 INHACORA";"17,14";"17,14"
"431043 IPE";"86,27";"86,27"
"431046 IPIRANGA DO SUL";"55,56";"55,56"
"431050 IRAI";"72,29";"72,29"
"431053 ITAARA";"74,58";"74,58"
"431055 ITACURUBI";"33,33";"33,33"
"431057 ITAPUCA";"59,09";"59,09"
"431060 ITAQUI";"47,77";"47,77"
"431065 ITATI";"92,31";"92,31"
"431070 ITATIBA DO SUL";"28,57";"28,57"
"431075 IVORA";"53,85";"53,85"
"431080 IVOTI";"58,45";"58,45"
"431085 JABOTICABA";"132,00";"132,00"
"431087 JACUIZINHO";"71,43";"71,43"
"431090 JACUTINGA";"68,42";"68,42"
"431100 JAGUARAO";"51,25";"51,25"
"431110 JAGUARI";"76,92";"76,92"
"431112 JAQUIRANA";"67,27";"67,27"
"431113 JARI";"13,51";"13,51"
"431115 JOIA";"72,37";"72,37"
"431120 JULIO DE CASTILHOS";"45,83";"45,83"
"431123 LAGOA BONITA DO SUL";"76,47";"76,47"
"431125 LAGOAO";"76,09";"76,09"
"431127 LAGOA DOS TRES CANTOS";"158,33";"158,33"
"431130 LAGOA VERMELHA";"70,73";"70,73"
"431140 LAJEADO";"55,99";"55,99"
"431142 LAJEADO DO BUGRE";"71,88";"71,88"
"431150 LAVRAS DO SUL";"54,05";"54,05"
"431160 LIBERATO SALZANO";"84,31";"84,31"
"431162 LINDOLFO COLLOR";"96,83";"96,83"
"431164 LINHA NOVA";"25,00";"25,00"
"431170 MACHADINHO";"70,97";"70,97"
"431171 MACAMBARA";"71,15";"71,15"
"431173 MAMPITUBA";"92,31";"92,31"
"431175 MANOEL VIANA";"70,00";"70,00"
"431177 MAQUINE";"93,44";"93,44"
"431179 MARATA";"87,50";"87,50"
"431180 MARAU";"34,40";"34,40"
"431190 MARCELINO RAMOS";"88,57";"88,57"
"431198 MARIANA PIMENTEL";"103,33";"103,33"
"431200 MARIANO MORO";"86,36";"86,36"
"431205 MARQUES DE SOUZA";"20,69";"20,69"
"431210 MATA";"50,00";"50,00"
"431213 MATO CASTELHANO";"77,78";"77,78"
"431215 MATO LEITAO";"69,05";"69,05"
"431217 MATO QUEIMADO";"123,08";"123,08"
"431220 MAXIMILIANO DE ALMEIDA";"69,57";"69,57"
"431225 MINAS DO LEAO";"8,79";"8,79"
"431230 MIRAGUAI";"53,23";"53,23"
"431235 MONTAURI";"29,41";"29,41"
"431237 MONTE ALEGRE DOS CAMPOS";"63,89";"63,89"
"431238 MONTE BELO DO SUL";"113,64";"113,64"
"431240 MONTENEGRO";"59,50";"59,50"
"431242 MORMACO";"28,57";"28,57"
"431244 MORRINHOS DO SUL";"100,00";"100,00"
"431245 MORRO REDONDO";"40,91";"40,91"
"431247 MORRO REUTER";"46,43";"46,43"
"431250 MOSTARDAS";"70,90";"70,90"
"431260 MUCUM";"86,05";"86,05"
"431261 MUITOS CAPOES";"88,46";"88,46"
"431262 MULITERNO";"58,82";"58,82"
"431265 NAO-ME-TOQUE";"54,42";"54,42"
"431267 NICOLAU VERGUEIRO";"47,62";"47,62"
"431270 NONOAI";"66,87";"66,87"
"431275 NOVA ALVORADA";"51,52";"51,52"
"431280 NOVA ARACA";"29,41";"29,41"
"431290 NOVA BASSANO";"88,16";"88,16"
"431295 NOVA BOA VISTA";"105,88";"105,88"
"431300 NOVA BRESCIA";"46,15";"46,15"
"431301 NOVA CANDELARIA";"50,00";"50,00"
"431303 NOVA ESPERANCA DO SUL";"121,95";"121,95"
"431306 NOVA HARTZ";"49,78";"49,78"
"431308 NOVA PADUA";"23,81";"23,81"
"431310 NOVA PALMA";"100,00";"100,00"
"431320 NOVA PETROPOLIS";"55,20";"55,20"
"431330 NOVA PRATA";"50,17";"50,17"
"431333 NOVA RAMADA";"100,00";"100,00"
"431335 NOVA ROMA DO SUL";"133,33";"133,33"
"431337 NOVA SANTA RITA";"45,35";"45,35"
"431339 NOVO CABRAIS";"138,71";"138,71"
"431340 NOVO HAMBURGO";"33,56";"33,56"
"431342 NOVO MACHADO";"116,67";"116,67"
"431344 NOVO TIRADENTES";"94,12";"94,12"
"431346 NOVO XINGU";"55,56";"55,56"
"431349 NOVO BARREIRO";"72,50";"72,50"
"431350 OSORIO";"49,15";"49,15"
"431360 PAIM FILHO";"119,23";"119,23"
"431365 PALMARES DO SUL";"18,80";"18,80"
"431370 PALMEIRA DAS MISSOES";"43,20";"43,20"
"431380 PALMITINHO";"72,37";"72,37"
"431390 PANAMBI";"58,05";"58,05"
"431395 PANTANO GRANDE";"50,00";"50,00"
"431400 PARAI";"96,72";"96,72"
"431402 PARAISO DO SUL";"74,51";"74,51"
"431403 PARECI NOVO";"64,58";"64,58"
"431405 PAROBE";"56,87";"56,87"
"431406 PASSA SETE";"108,33";"108,33"
"431407 PASSO DO SOBRADO";"29,09";"29,09"
"431410 PASSO FUNDO";"54,94";"54,94"
"431413 PAULO BENTO";"52,00";"52,00"
"431415 PAVERAMA";"68,00";"68,00"
"431417 PEDRAS ALTAS";"11,11";"11,11"
"431420 PEDRO OSORIO";"16,90";"16,90"
"431430 PEJUCARA";"73,81";"73,81"
"431440 PELOTAS";"29,64";"29,64"
"431442 PICADA CAFE";"50,00";"50,00"
"431445 PINHAL";"117,86";"117,86"
"431446 PINHAL DA SERRA";"65,00";"65,00"
"431447 PINHAL GRANDE";"31,03";"31,03"
"431449 PINHEIRINHO DO VALE";"95,00";"95,00"
"431450 PINHEIRO MACHADO";"51,09";"51,09"
"431454 PINTO BANDEIRA";"77,78";"77,78"
"431455 PIRAPO";"92,86";"92,86"
"431460 PIRATINI";"57,25";"57,25"
"431470 PLANALTO";"65,62";"65,62"
"431475 POCO DAS ANTAS";"62,50";"62,50"
"431477 PONTAO";"42,86";"42,86"
"431478 PONTE PRETA";"113,33";"113,33"
"431480 PORTAO";"66,03";"66,03"
"431490 PORTO ALEGRE";"34,68";"34,68"
"431500 PORTO LUCENA";"62,07";"62,07"
"431505 PORTO MAUA";"137,50";"137,50"
"431507 PORTO VERA CRUZ";"37,50";"37,50"
"431510 PORTO XAVIER";"66,94";"66,94"
"431513 POUSO NOVO";"22,22";"22,22"
"431514 PRESIDENTE LUCENA";"127,27";"127,27"
"431515 PROGRESSO";"30,19";"30,19"
"431517 PROTASIO ALVES";"53,85";"53,85"
"431520 PUTINGA";"85,71";"85,71"
"431530 QUARAI";"40,85";"40,85"
"431531 QUATRO IRMAOS";"52,94";"52,94"
"431532 QUEVEDOS";"31,82";"31,82"
"431535 QUINZE DE NOVEMBRO";"86,49";"86,49"
"431540 REDENTORA";"30,11";"30,11"
"431545 RELVADO";"31,58";"31,58"
"431550 RESTINGA SECA";"35,53";"35,53"
"431555 RIO DOS INDIOS";"121,05";"121,05"
"431560 RIO GRANDE";"30,20";"30,20"
"431570 RIO PARDO";"70,86";"70,86"
"431575 RIOZINHO";"53,33";"53,33"
"431580 ROCA SALES";"55,65";"55,65"
"431590 RODEIO BONITO";"71,91";"71,91"
"431595 ROLADOR";"87,50";"87,50"
"431600 ROLANTE";"57,38";"57,38"
"431610 RONDA ALTA";"63,96";"63,96"
"431620 RONDINHA";"115,79";"115,79"
"431630 ROQUE GONZALES";"77,05";"77,05"
"431640 ROSARIO DO SUL";"30,34";"30,34"
"431642 SAGRADA FAMILIA";"111,76";"111,76"
"431643 SALDANHA MARINHO";"72,41";"72,41"
"431645 SALTO DO JACUI";"77,59";"77,59"
"431647 SALVADOR DAS MISSOES";"133,33";"133,33"
"431650 SALVADOR DO SUL";"77,61";"77,61"
"431660 SANANDUVA";"55,03";"55,03"
"431670 SANTA BARBARA DO SUL";"70,27";"70,27"
"431673 SANTA CECILIA DO SUL";"44,44";"44,44"
"431675 SANTA CLARA DO SUL";"104,62";"104,62"
"431680 SANTA CRUZ DO SUL";"36,44";"36,44"
"431690 SANTA MARIA";"43,37";"43,37"
"431695 SANTA MARIA DO HERVAL";"36,73";"36,73"
"431697 SANTA MARGARIDA DO SUL";"80,95";"80,95"
"431700 SANTANA DA BOA VISTA";"52,38";"52,38"
"431710 SANT\'ANA DO LIVRAMENTO";"39,39";"39,39"
"431720 SANTA ROSA";"67,80";"67,80"
"431725 SANTA TEREZA";"54,55";"54,55"
"431730 SANTA VITORIA DO PALMAR";"28,86";"28,86"
"431740 SANTIAGO";"2,02";"2,02"
"431750 SANTO ANGELO";"59,38";"59,38"
"431755 SANTO ANTONIO DO PALMA";"110,53";"110,53"
"431760 SANTO ANTONIO DA PATRULHA";"60,84";"60,84"
"431770 SANTO ANTONIO DAS MISSOES";"51,52";"51,52"
"431775 SANTO ANTONIO DO PLANALTO";"38,10";"38,10"
"431780 SANTO AUGUSTO";"57,69";"57,69"
"431790 SANTO CRISTO";"59,87";"59,87"
"431795 SANTO EXPEDITO DO SUL";"100,00";"100,00"
"431800 SAO BORJA";"55,78";"55,78"
"431805 SAO DOMINGOS DO SUL";"61,54";"61,54"
"431810 SAO FRANCISCO DE ASSIS";"36,25";"36,25"
"431820 SAO FRANCISCO DE PAULA";"18,62";"18,62"
"431830 SAO GABRIEL";"40,08";"40,08"
"431840 SAO JERONIMO";"48,15";"48,15"
"431842 SAO JOAO DA URTIGA";"75,00";"75,00"
"431843 SAO JOAO DO POLESINE";"34,62";"34,62"
"431844 SAO JORGE";"60,00";"60,00"
"431845 SAO JOSE DAS MISSOES";"121,05";"121,05"
"431846 SAO JOSE DO HERVAL";"83,33";"83,33"
"431848 SAO JOSE DO HORTENCIO";"24,32";"24,32"
"431849 SAO JOSE DO INHACORA";"100,00";"100,00"
"431850 SAO JOSE DO NORTE";"60,89";"60,89"
"431860 SAO JOSE DO OURO";"58,21";"58,21"
"431861 SAO JOSE DO SUL";"37,04";"37,04"
"431862 SAO JOSE DOS AUSENTES";"54,10";"54,10"
"431870 SAO LEOPOLDO";"43,96";"43,96"
"431880 SAO LOURENCO DO SUL";"49,59";"49,59"
"431890 SAO LUIZ GONZAGA";"56,49";"56,49"
"431900 SAO MARCOS";"63,80";"63,80"
"431910 SAO MARTINHO";"96,08";"96,08"
"431912 SAO MARTINHO DA SERRA";"37,04";"37,04"
"431915 SAO MIGUEL DAS MISSOES";"64,18";"64,18"
"431920 SAO NICOLAU";"50,00";"50,00"
"431930 SAO PAULO DAS MISSOES";"66,67";"66,67"
"431935 SAO PEDRO DA SERRA";"139,29";"139,29"
"431936 SAO PEDRO DAS MISSOES";"76,47";"76,47"
"431937 SAO PEDRO DO BUTIA";"51,52";"51,52"
"431940 SAO PEDRO DO SUL";"51,81";"51,81"
"431950 SAO SEBASTIAO DO CAI";"49,45";"49,45"
"431960 SAO SEPE";"40,71";"40,71"
"431970 SAO VALENTIM";"39,29";"39,29"
"431971 SAO VALENTIM DO SUL";"169,23";"169,23"
"431973 SAO VALERIO DO SUL";"91,18";"91,18"
"431975 SAO VENDELINO";"66,67";"66,67"
"431980 SAO VICENTE DO SUL";"22,22";"22,22"
"431990 SAPIRANGA";"39,78";"39,78"
"432000 SAPUCAIA DO SUL";"0,91";"0,91"
"432010 SARANDI";"68,01";"68,01"
"432020 SEBERI";"54,44";"54,44"
"432023 SEDE NOVA";"80,00";"80,00"
"432026 SEGREDO";"78,46";"78,46"
"432030 SELBACH";"92,50";"92,50"
"432032 SENADOR SALGADO FILHO";"75,00";"75,00"
"432035 SENTINELA DO SUL";"13,51";"13,51"
"432040 SERAFINA CORREA";"85,95";"85,95"
"432045 SERIO";"115,38";"115,38"
"432050 SERTAO";"35,71";"35,71"
"432055 SERTAO SANTANA";"81,40";"81,40"
"432057 SETE DE SETEMBRO";"70,59";"70,59"
"432060 SEVERIANO DE ALMEIDA";"72,41";"72,41"
"432065 SILVEIRA MARTINS";"150,00";"150,00"
"432067 SINIMBU";"61,97";"61,97"
"432070 SOBRADINHO";"77,55";"77,55"
"432080 SOLEDADE";"61,99";"61,99"
"432085 TABAI";"70,21";"70,21"
"432090 TAPEJARA";"40,69";"40,69"
"432100 TAPERA";"63,46";"63,46"
"432110 TAPES";"68,94";"68,94"
"432120 TAQUARA";"4,28";"4,28"
"432130 TAQUARI";"64,95";"64,95"
"432132 TAQUARUCU DO SUL";"71,05";"71,05"
"432135 TAVARES";"80,00";"80,00"
"432140 TENENTE PORTELA";"55,73";"55,73"
"432143 TERRA DE AREIA";"47,50";"47,50"
"432145 TEUTONIA";"62,11";"62,11"
"432146 TIO HUGO";"121,43";"121,43"
"432147 TIRADENTES DO SUL";"51,67";"51,67"
"432149 TOROPI";"88,89";"88,89"
"432150 TORRES";"52,40";"52,40"
"432160 TRAMANDAI";"49,57";"49,57"
"432162 TRAVESSEIRO";"100,00";"100,00"
"432163 TRES ARROIOS";"84,62";"84,62"
"432166 TRES CACHOEIRAS";"62,10";"62,10"
"432170 TRES COROAS";"43,36";"43,36"
"432180 TRES DE MAIO";"66,79";"66,79"
"432183 TRES FORQUILHAS";"92,00";"92,00"
"432185 TRES PALMEIRAS";"60,78";"60,78"
"432190 TRES PASSOS";"78,02";"78,02"
"432195 TRINDADE DO SUL";"80,25";"80,25"
"432200 TRIUNFO";"51,12";"51,12"
"432210 TUCUNDUVA";"82,50";"82,50"
"432215 TUNAS";"97,37";"97,37"
"432220 TUPANCIRETA";"52,23";"52,23"
"432225 TUPANDI";"60,00";"60,00"
"432230 TUPARENDI";"86,15";"86,15"
"432232 TURUCU";"71,43";"71,43"
"432234 UBIRETAMA";"76,92";"76,92"
"432235 UNIAO DA SERRA";"71,43";"71,43"
"432237 UNISTALDA";"69,23";"69,23"
"432240 URUGUAIANA";"54,84";"54,84"
"432250 VACARIA";"51,39";"51,39"
"432252 VALE VERDE";"60,87";"60,87"
"432253 VALE DO SOL";"65,85";"65,85"
"432254 VALE REAL";"86,67";"86,67"
"432255 VANINI";"105,88";"105,88"
"432260 VENANCIO AIRES";"42,51";"42,51"
"432270 VERA CRUZ";"41,94";"41,94"
"432280 VERANOPOLIS";"58,70";"58,70"
"432285 VESPASIANO CORREA";"90,00";"90,00"
"432290 VIADUTOS";"41,46";"41,46"
"432300 VIAMAO";"28,40";"28,40"
"432310 VICENTE DUTRA";"52,46";"52,46"
"432320 VICTOR GRAEFF";"34,78";"34,78"
"432330 VILA FLORES";"113,79";"113,79"
"432335 VILA LANGARO";"60,87";"60,87"
"432340 VILA MARIA";"82,93";"82,93"
"432345 VILA NOVA DO SUL";"89,29";"89,29"
"432350 VISTA ALEGRE";"40,00";"40,00"
"432360 VISTA ALEGRE DO PRATA";"35,29";"35,29"
"432370 VISTA GAUCHA";"88,46";"88,46"
"432375 VITORIA DAS MISSOES";"63,33";"63,33"
"432377 WESTFALIA";"73,08";"73,08"
"432380 XANGRI-LA";"64,16";"64,16"
"520005 ABADIA DE GOIAS";"38,25";"38,25"
"520010 ABADIANIA";"63,80";"63,80"
"520013 ACREUNA";"65,38";"65,38"
"520015 ADELANDIA";"22,73";"22,73"
"520017 AGUA FRIA DE GOIAS";"81,25";"81,25"
"520020 AGUA LIMPA";"140,00";"140,00"
"520025 AGUAS LINDAS DE GOIAS";"56,10";"56,10"
"520030 ALEXANIA";"51,99";"51,99"
"520050 ALOANDIA";"121,43";"121,43"
"520055 ALTO HORIZONTE";"78,43";"78,43"
"520060 ALTO PARAISO DE GOIAS";"79,81";"79,81"
"520080 ALVORADA DO NORTE";"60,58";"60,58"
"520082 AMARALINA";"28,00";"28,00"
"520085 AMERICANO DO BRASIL";"59,21";"59,21"
"520090 AMORINOPOLIS";"35,29";"35,29"
"520110 ANAPOLIS";"54,84";"54,84"
"520120 ANHANGUERA";"100,00";"100,00"
"520130 ANICUNS";"53,12";"53,12"
"520140 APARECIDA DE GOIANIA";"19,09";"19,09"
"520145 APARECIDA DO RIO DOCE";"63,64";"63,64"
"520150 APORE";"37,10";"37,10"
"520160 ARACU";"50,00";"50,00"
"520170 ARAGARCAS";"38,01";"38,01"
"520180 ARAGOIANIA";"68,03";"68,03"
"520215 ARAGUAPAZ";"62,00";"62,00"
"520235 ARENOPOLIS";"33,33";"33,33"
"520250 ARUANA";"32,61";"32,61"
"520260 AURILANDIA";"91,30";"91,30"
"520280 AVELINOPOLIS";"73,91";"73,91"
"520310 BALIZA";"46,43";"46,43"
"520320 BARRO ALTO";"41,33";"41,33"
"520330 BELA VISTA DE GOIAS";"14,72";"14,72"
"520340 BOM JARDIM DE GOIAS";"48,98";"48,98"
"520350 BOM JESUS DE GOIAS";"63,20";"63,20"
"520355 BONFINOPOLIS";"71,43";"71,43"
"520357 BONOPOLIS";"43,48";"43,48"
"520360 BRAZABRANTES";"76,67";"76,67"
"520380 BRITANIA";"73,61";"73,61"
"520390 BURITI ALEGRE";"75,42";"75,42"
"520393 BURITI DE GOIAS";"128,57";"128,57"
"520396 BURITINOPOLIS";"42,22";"42,22"
"520400 CABECEIRAS";"68,57";"68,57"
"520410 CACHOEIRA ALTA";"64,49";"64,49"
"520420 CACHOEIRA DE GOIAS";"84,62";"84,62"
"520425 CACHOEIRA DOURADA";"66,25";"66,25"
"520430 CACU";"73,86";"73,86"
"520440 CAIAPONIA";"63,28";"63,28"
"520450 CALDAS NOVAS";"59,47";"59,47"
"520455 CALDAZINHA";"78,05";"78,05"
"520460 CAMPESTRE DE GOIAS";"94,87";"94,87"
"520465 CAMPINACU";"117,39";"117,39"
"520470 CAMPINORTE";"75,74";"75,74"
"520480 CAMPO ALEGRE DE GOIAS";"66,25";"66,25"
"520485 CAMPO LIMPO DE GOIAS";"91,58";"91,58"
"520490 CAMPOS BELOS";"55,02";"55,02"
"520495 CAMPOS VERDES";"66,67";"66,67"
"520500 CARMO DO RIO VERDE";"42,86";"42,86"
"520505 CASTELANDIA";"89,19";"89,19"
"520510 CATALAO";"64,15";"64,15"
"520520 CATURAI";"108,89";"108,89"
"520530 CAVALCANTE";"86,21";"86,21"
"520540 CERES";"45,61";"45,61"
"520545 CEZARINA";"48,57";"48,57"
"520547 CHAPADAO DO CEU";"62,13";"62,13"
"520549 CIDADE OCIDENTAL";"66,63";"66,63"
"520551 COCALZINHO DE GOIAS";"92,74";"92,74"
"520552 COLINAS DO SUL";"71,43";"71,43"
"520570 CORREGO DO OURO";"59,38";"59,38"
"520580 CORUMBA DE GOIAS";"70,45";"70,45"
"520590 CORUMBAIBA";"77,33";"77,33"
"520620 CRISTALINA";"69,60";"69,60"
"520630 CRISTIANOPOLIS";"89,29";"89,29"
"520640 CRIXAS";"65,77";"65,77"
"520650 CROMINIA";"119,05";"119,05"
"520660 CUMARI";"48,48";"48,48"
"520670 DAMIANOPOLIS";"72,73";"72,73"
"520680 DAMOLANDIA";"90,91";"90,91"
"520690 DAVINOPOLIS";"80,00";"80,00"
"520710 DIORAMA";"130,00";"130,00"
"520725 DOVERLANDIA";"79,66";"79,66"
"520735 EDEALINA";"61,54";"61,54"
"520740 EDEIA";"67,52";"67,52"
"520750 ESTRELA DO NORTE";"44,44";"44,44"
"520753 FAINA";"60,78";"60,78"
"520760 FAZENDA NOVA";"53,19";"53,19"
"520780 FIRMINOPOLIS";"112,86";"112,86"
"520790 FLORES DE GOIAS";"86,17";"86,17"
"520800 FORMOSA";"45,02";"45,02"
"520810 FORMOSO";"50,77";"50,77"
"520815 GAMELEIRA DE GOIAS";"103,12";"103,12"
"520830 DIVINOPOLIS DE GOIAS";"73,21";"73,21"
"520840 GOIANAPOLIS";"91,88";"91,88"
"520850 GOIANDIRA";"128,00";"128,00"
"520860 GOIANESIA";"41,32";"41,32"
"520870 GOIANIA";"59,19";"59,19"
"520880 GOIANIRA";"69,19";"69,19"
"520890 GOIAS";"32,57";"32,57"
"520910 GOIATUBA";"46,89";"46,89"
"520915 GOUVELANDIA";"91,67";"91,67"
"520920 GUAPO";"59,71";"59,71"
"520929 GUARAITA";"69,23";"69,23"
"520940 GUARANI DE GOIAS";"107,69";"107,69"
"520945 GUARINOS";"81,82";"81,82"
"520960 HEITORAI";"15,22";"15,22"
"520970 HIDROLANDIA";"68,95";"68,95"
"520980 HIDROLINA";"32,35";"32,35"
"520990 IACIARA";"99,12";"99,12"
"520993 INACIOLANDIA";"110,64";"110,64"
"520995 INDIARA";"37,67";"37,67"
"521000 INHUMAS";"57,82";"57,82"
"521010 IPAMERI";"58,95";"58,95"
"521015 IPIRANGA DE GOIAS";"20,00";"20,00"
"521020 IPORA";"64,29";"64,29"
"521030 ISRAELANDIA";"42,31";"42,31"
"521040 ITABERAI";"72,47";"72,47"
"521056 ITAGUARI";"64,29";"64,29"
"521060 ITAGUARU";"55,56";"55,56"
"521080 ITAJA";"82,61";"82,61"
"521090 ITAPACI";"54,37";"54,37"
"521100 ITAPIRAPUA";"67,19";"67,19"
"521120 ITAPURANGA";"57,55";"57,55"
"521130 ITARUMA";"57,78";"57,78"
"521140 ITAUCU";"51,65";"51,65"
"521150 ITUMBIARA";"61,77";"61,77"
"521160 IVOLANDIA";"63,16";"63,16"
"521170 JANDAIA";"69,70";"69,70"
"521180 JARAGUA";"42,83";"42,83"
"521190 JATAI";"58,68";"58,68"
"521200 JAUPACI";"76,92";"76,92"
"521205 JESUPOLIS";"52,17";"52,17"
"521210 JOVIANIA";"64,10";"64,10"
"521220 JUSSARA";"40,60";"40,60"
"521225 LAGOA SANTA";"100,00";"100,00"
"521230 LEOPOLDO DE BULHOES";"69,39";"69,39"
"521250 LUZIANIA";"48,16";"48,16"
"521260 MAIRIPOTABA";"94,74";"94,74"
"521270 MAMBAI";"64,49";"64,49"
"521280 MARA ROSA";"54,14";"54,14"
"521290 MARZAGAO";"68,97";"68,97"
"521295 MATRINCHA";"110,64";"110,64"
"521300 MAURILANDIA";"30,67";"30,67"
"521305 MIMOSO DE GOIAS";"72,73";"72,73"
"521308 MINACU";"64,76";"64,76"
"521310 MINEIROS";"31,40";"31,40"
"521340 MOIPORA";"93,33";"93,33"
"521350 MONTE ALEGRE DE GOIAS";"36,26";"36,26"
"521370 MONTES CLAROS DE GOIAS";"79,31";"79,31"
"521375 MONTIVIDIU";"68,02";"68,02"
"521377 MONTIVIDIU DO NORTE";"17,39";"17,39"
"521380 MORRINHOS";"68,39";"68,39"
"521385 MORRO AGUDO DE GOIAS";"90,00";"90,00"
"521390 MOSSAMEDES";"107,69";"107,69"
"521400 MOZARLANDIA";"38,71";"38,71"
"521405 MUNDO NOVO";"56,47";"56,47"
"521410 MUTUNOPOLIS";"93,94";"93,94"
"521440 NAZARIO";"84,62";"84,62"
"521450 NEROPOLIS";"49,65";"49,65"
"521460 NIQUELANDIA";"65,01";"65,01"
"521470 NOVA AMERICA";"103,70";"103,70"
"521480 NOVA AURORA";"72,73";"72,73"
"521483 NOVA CRIXAS";"54,66";"54,66"
"521486 NOVA GLORIA";"41,43";"41,43"
"521487 NOVA IGUACU DE GOIAS";"182,35";"182,35"
"521490 NOVA ROMA";"52,00";"52,00"
"521500 NOVA VENEZA";"100,00";"100,00"
"521520 NOVO BRASIL";"53,49";"53,49"
"521523 NOVO GAMA";"48,49";"48,49"
"521525 NOVO PLANALTO";"41,18";"41,18"
"521530 ORIZONA";"71,35";"71,35"
"521540 OURO VERDE DE GOIAS";"43,14";"43,14"
"521550 OUVIDOR";"84,42";"84,42"
"521560 PADRE BERNARDO";"32,56";"32,56"
"521565 PALESTINA DE GOIAS";"48,65";"48,65"
"521570 PALMEIRAS DE GOIAS";"60,41";"60,41"
"521580 PALMELO";"42,11";"42,11"
"521590 PALMINOPOLIS";"77,27";"77,27"
"521600 PANAMA";"96,00";"96,00"
"521630 PARANAIGUARA";"68,24";"68,24"
"521640 PARAUNA";"74,82";"74,82"
"521645 PEROLANDIA";"70,73";"70,73"
"521680 PETROLINA DE GOIAS";"74,65";"74,65"
"521690 PILAR DE GOIAS";"29,03";"29,03"
"521710 PIRACANJUBA";"87,91";"87,91"
"521720 PIRANHAS";"77,78";"77,78"
"521730 PIRENOPOLIS";"44,48";"44,48"
"521740 PIRES DO RIO";"78,22";"78,22"
"521760 PLANALTINA";"46,02";"46,02"
"521770 PONTALINA";"79,07";"79,07"
"521800 PORANGATU";"47,65";"47,65"
"521805 PORTEIRAO";"97,78";"97,78"
"521810 PORTELANDIA";"46,51";"46,51"
"521830 POSSE";"51,27";"51,27"
"521839 PROFESSOR JAMIL";"19,05";"19,05"
"521850 QUIRINOPOLIS";"44,25";"44,25"
"521860 RIALMA";"78,74";"78,74"
"521870 RIANAPOLIS";"26,00";"26,00"
"521878 RIO QUENTE";"68,09";"68,09"
"521880 RIO VERDE";"60,87";"60,87"
"521890 RUBIATABA";"39,48";"39,48"
"521900 SANCLERLANDIA";"69,14";"69,14"
"521910 SANTA BARBARA DE GOIAS";"25,88";"25,88"
"521920 SANTA CRUZ DE GOIAS";"96,15";"96,15"
"521925 SANTA FE DE GOIAS";"38,16";"38,16"
"521930 SANTA HELENA DE GOIAS";"61,48";"61,48"
"521935 SANTA ISABEL";"82,05";"82,05"
"521940 SANTA RITA DO ARAGUAIA";"22,34";"22,34"
"521945 SANTA RITA DO NOVO DESTINO";"35,29";"35,29"
"521950 SANTA ROSA DE GOIAS";"92,31";"92,31"
"521960 SANTA TEREZA DE GOIAS";"91,43";"91,43"
"521970 SANTA TEREZINHA DE GOIAS";"67,86";"67,86"
"521971 SANTO ANTONIO DA BARRA";"75,61";"75,61"
"521973 SANTO ANTONIO DE GOIAS";"114,08";"114,08"
"521975 SANTO ANTONIO DO DESCOBERTO";"38,07";"38,07"
"521980 SAO DOMINGOS";"60,58";"60,58"
"521990 SAO FRANCISCO DE GOIAS";"65,57";"65,57"
"522000 SAO JOAO D\'ALIANCA";"97,12";"97,12"
"522005 SAO JOAO DA PARAUNA";"161,54";"161,54"
"522010 SAO LUIS DE MONTES BELOS";"73,37";"73,37"
"522015 SAO LUIZ DO NORTE";"25,81";"25,81"
"522020 SAO MIGUEL DO ARAGUAIA";"51,74";"51,74"
"522026 SAO MIGUEL DO PASSA QUATRO";"78,57";"78,57"
"522028 SAO PATRICIO";"66,67";"66,67"
"522040 SAO SIMAO";"49,77";"49,77"
"522045 SENADOR CANEDO";"26,35";"26,35"
"522050 SERRANOPOLIS";"70,59";"70,59"
"522060 SILVANIA";"43,64";"43,64"
"522068 SIMOLANDIA";"26,67";"26,67"
"522070 SITIO D\'ABADIA";"34,62";"34,62"
"522100 TAQUARAL DE GOIAS";"90,24";"90,24"
"522108 TERESINA DE GOIAS";"92,68";"92,68"
"522119 TEREZOPOLIS DE GOIAS";"73,68";"73,68"
"522130 TRES RANCHOS";"44,00";"44,00"
"522140 TRINDADE";"56,07";"56,07"
"522145 TROMBAS";"90,48";"90,48"
"522150 TURVANIA";"71,43";"71,43"
"522155 TURVELANDIA";"94,00";"94,00"
"522157 UIRAPURU";"69,57";"69,57"
"522160 URUACU";"61,04";"61,04"
"522170 URUANA";"49,64";"49,64"
"522180 URUTAI";"175,00";"175,00"
"522185 VALPARAISO DE GOIAS";"48,04";"48,04"
"522190 VARJAO";"89,66";"89,66"
"522200 VIANOPOLIS";"66,11";"66,11"
"522205 VICENTINOPOLIS";"41,75";"41,75"
"522220 VILA BOA";"106,52";"106,52"
"522230 VILA PROPICIO";"29,23";"29,23"
"530010 BRASILIA";"60,72";"60,72"
"Total";"53,16";"53,16"
