"Município";"2020";"2021";" Total"
"120001 ACRELANDIA";"78,91";"47,46";"63,82"
"120005 ASSIS BRASIL";"55,65";"26,23";"41,06"
"120010 BRASILEIA";"56,32";"30,51";"44,32"
"120013 BUJARI";"38,76";"29,80";"34,32"
"120017 CAPIXABA";"23,05";"21,11";"22,17"
"120020 CRUZEIRO DO SUL";"42,87";"30,34";"36,65"
"120025 EPITACIOLANDIA";"30,93";"20,14";"25,56"
"120030 FEIJO";"43,70";"33,58";"38,75"
"120032 JORDAO";"69,92";"65,00";"67,81"
"120033 MANCIO LIMA";"66,76";"46,20";"57,12"
"120034 MANOEL URBANO";"37,93";"48,82";"42,80"
"120035 MARECHAL THAUMATURGO";"74,74";"24,57";"48,94"
"120038 PLACIDO DE CASTRO";"55,74";"31,51";"43,89"
"120039 PORTO WALTER";"54,26";"43,55";"49,25"
"120040 RIO BRANCO";"52,32";"47,99";"50,27"
"120042 RODRIGUES ALVES";"23,50";"16,67";"20,39"
"120043 SANTA ROSA DO PURUS";"74,75";"45,61";"61,25"
"120045 SENADOR GUIOMARD";"29,11";"21,47";"25,35"
"120050 SENA MADUREIRA";"69,23";"48,30";"59,30"
"120060 TARAUACA";"30,30";"28,05";"29,22"
"120070 XAPURI";"42,30";"46,69";"44,37"
"120080 PORTO ACRE";"37,21";"36,02";"36,68"
"150010 ABAETETUBA";"47,22";"38,60";"43,17"
"150013 ABEL FIGUEIREDO";"78,87";"54,55";"67,68"
"150020 ACARA";"63,31";"37,75";"51,16"
"150030 AFUA";"31,20";"20,32";"25,87"
"150034 AGUA AZUL DO NORTE";"54,42";"39,81";"47,27"
"150040 ALENQUER";"49,73";"28,77";"39,43"
"150050 ALMEIRIM";"27,92";"13,45";"20,84"
"150060 ALTAMIRA";"52,31";"48,69";"50,62"
"150070 ANAJAS";"57,66";"43,29";"50,86"
"150080 ANANINDEUA";"28,70";"15,42";"22,58"
"150085 ANAPU";"72,86";"54,85";"64,09"
"150090 AUGUSTO CORREA";"40,75";"36,52";"38,88"
"150095 AURORA DO PARA";"86,03";"46,67";"66,62"
"150100 AVEIRO";"86,25";"34,33";"62,59"
"150110 BAGRE";"26,76";"18,89";"23,01"
"150120 BAIAO";"46,03";"39,22";"43,16"
"150125 BANNACH";"55,10";"88,10";"70,33"
"150130 BARCARENA";"57,15";"15,41";"36,53"
"150140 BELEM";"43,51";"38,41";"41,13"
"150145 BELTERRA";"76,47";"28,82";"51,96"
"150150 BENEVIDES";"40,44";"30,57";"35,82"
"150157 BOM JESUS DO TOCANTINS";"59,56";"45,15";"51,72"
"150160 BONITO";"52,17";"50,78";"51,46"
"150170 BRAGANCA";"50,88";"36,41";"43,91"
"150172 BRASIL NOVO";"55,26";"50,34";"52,93"
"150175 BREJO GRANDE DO ARAGUAIA";"93,55";"72,83";"83,24"
"150178 BREU BRANCO";"47,26";"36,95";"42,40"
"150180 BREVES";"14,95";"19,05";"16,93"
"150190 BUJARU";"66,81";"42,92";"55,52"
"150195 CACHOEIRA DO PIRIA";"54,34";"25,80";"40,74"
"150200 CACHOEIRA DO ARARI";"68,48";"41,08";"55,12"
"150210 CAMETA";"60,70";"43,27";"52,23"
"150215 CANAA DOS CARAJAS";"60,45";"71,84";"65,76"
"150220 CAPANEMA";"68,46";"39,65";"54,55"
"150230 CAPITAO POCO";"62,33";"40,60";"51,13"
"150240 CASTANHAL";"65,71";"43,55";"54,85"
"150250 CHAVES";"31,18";"10,83";"21,87"
"150260 COLARES";"53,05";"15,97";"35,71"
"150270 CONCEICAO DO ARAGUAIA";"51,48";"57,72";"54,32"
"150275 CONCORDIA DO PARA";"66,47";"50,50";"58,46"
"150276 CUMARU DO NORTE";"28,92";"36,61";"32,95"
"150277 CURIONOPOLIS";"52,41";"25,52";"39,06"
"150280 CURRALINHO";"32,61";"30,42";"31,59"
"150285 CURUA";"35,94";"7,76";"20,92"
"150290 CURUCA";"53,77";"29,28";"41,39"
"150293 DOM ELISEU";"63,01";"63,74";"63,33"
"150295 ELDORADO DOS CARAJAS";"46,25";"9,03";"26,99"
"150300 FARO";"48,37";"37,72";"43,82"
"150304 FLORESTA DO ARAGUAIA";"54,60";"49,84";"52,29"
"150307 GARRAFAO DO NORTE";"85,40";"52,02";"68,03"
"150309 GOIANESIA DO PARA";"42,94";"29,69";"36,52"
"150310 GURUPA";"75,79";"31,27";"54,23"
"150320 IGARAPE-ACU";"73,94";"59,30";"66,98"
"150330 IGARAPE-MIRI";"55,78";"36,89";"46,33"
"150340 INHANGAPI";"50,29";"51,68";"50,93"
"150345 IPIXUNA DO PARA";"49,49";"28,01";"38,80"
"150350 IRITUIA";"69,76";"35,89";"52,86"
"150360 ITAITUBA";"38,96";"22,34";"31,04"
"150370 ITUPIRANGA";"60,95";"33,76";"47,40"
"150375 JACAREACANGA";"27,46";"16,70";"22,45"
"150380 JACUNDA";"62,28";"45,50";"54,38"
"150390 JURUTI";"63,34";"44,96";"54,19"
"150400 LIMOEIRO DO AJURU";"53,73";"39,53";"46,39"
"150405 MAE DO RIO";"63,69";"58,61";"61,25"
"150410 MAGALHAES BARATA";"114,44";"51,40";"80,20"
"150420 MARABA";"56,05";"46,47";"51,44"
"150430 MARACANA";"56,63";"50,16";"53,59"
"150440 MARAPANIM";"59,26";"33,33";"47,26"
"150442 MARITUBA";"45,37";"31,41";"38,66"
"150445 MEDICILANDIA";"82,51";"70,22";"76,45"
"150450 MELGACO";"28,29";"26,99";"27,63"
"150460 MOCAJUBA";"41,65";"38,86";"40,35"
"150470 MOJU";"22,62";"18,90";"20,78"
"150475 MOJUI DOS CAMPOS";"127,95";"56,03";"86,75"
"150480 MONTE ALEGRE";"44,99";"35,51";"40,58"
"150490 MUANA";"15,21";"15,04";"15,13"
"150495 NOVA ESPERANCA DO PIRIA";"67,88";"59,12";"63,92"
"150497 NOVA IPIXUNA";"88,07";"50,48";"69,63"
"150500 NOVA TIMBOTEUA";"65,84";"57,50";"62,28"
"150503 NOVO PROGRESSO";"85,02";"57,46";"72,26"
"150506 NOVO REPARTIMENTO";"44,57";"36,65";"40,88"
"150510 OBIDOS";"56,72";"37,76";"47,33"
"150520 OEIRAS DO PARA";"28,80";"21,39";"25,31"
"150530 ORIXIMINA";"44,12";"20,34";"32,15"
"150540 OUREM";"55,33";"52,46";"53,94"
"150543 OURILANDIA DO NORTE";"69,19";"47,22";"58,43"
"150548 PACAJA";"69,63";"57,67";"63,86"
"150549 PALESTINA DO PARA";"88,66";"80,21";"84,46"
"150550 PARAGOMINAS";"34,75";"34,02";"34,39"
"150553 PARAUAPEBAS";"50,83";"55,60";"53,11"
"150555 PAU D\'ARCO";"65,52";"38,18";"52,21"
"150560 PEIXE-BOI";"72,81";"48,28";"62,19"
"150563 PICARRA";"71,43";"66,23";"69,07"
"150565 PLACAS";"58,42";"51,35";"55,09"
"150570 PONTA DE PEDRAS";"99,43";"44,91";"72,73"
"150580 PORTEL";"24,58";"19,68";"22,17"
"150590 PORTO DE MOZ";"51,64";"29,97";"40,78"
"150600 PRAINHA";"45,05";"30,20";"38,05"
"150610 PRIMAVERA";"81,87";"44,00";"62,72"
"150611 QUATIPURU";"59,17";"69,80";"64,15"
"150613 REDENCAO";"38,90";"31,63";"35,44"
"150616 RIO MARIA";"58,61";"50,39";"54,61"
"150618 RONDON DO PARA";"60,69";"50,93";"56,36"
"150619 RUROPOLIS";"84,67";"61,39";"73,60"
"150620 SALINOPOLIS";"70,35";"60,03";"65,12"
"150630 SALVATERRA";"47,09";"50,49";"48,62"
"150635 SANTA BARBARA DO PARA";"46,67";"29,04";"38,43"
"150640 SANTA CRUZ DO ARARI";"38,20";"19,80";"28,42"
"150650 SANTA IZABEL DO PARA";"50,21";"25,74";"38,28"
"150655 SANTA LUZIA DO PARA";"47,38";"52,67";"49,76"
"150658 SANTA MARIA DAS BARREIRAS";"91,61";"39,59";"61,47"
"150660 SANTA MARIA DO PARA";"48,13";"10,31";"29,47"
"150670 SANTANA DO ARAGUAIA";"70,83";"45,11";"58,16"
"150680 SANTAREM";"44,71";"28,67";"37,11"
"150690 SANTAREM NOVO";"42,06";"26,44";"35,05"
"150700 SANTO ANTONIO DO TAUA";"45,96";"15,57";"30,99"
"150710 SAO CAETANO DE ODIVELAS";"70,70";"51,71";"61,43"
"150715 SAO DOMINGOS DO ARAGUAIA";"48,99";"51,39";"50,15"
"150720 SAO DOMINGOS DO CAPIM";"71,24";"63,38";"67,72"
"150730 SAO FELIX DO XINGU";"52,38";"40,10";"46,50"
"150740 SAO FRANCISCO DO PARA";"80,10";"56,28";"67,93"
"150745 SAO GERALDO DO ARAGUAIA";"44,13";"55,00";"48,99"
"150746 SAO JOAO DA PONTA";"27,59";"56,41";"41,21"
"150747 SAO JOAO DE PIRABAS";"36,57";"28,83";"32,88"
"150750 SAO JOAO DO ARAGUAIA";"74,71";"41,76";"58,24"
"150760 SAO MIGUEL DO GUAMA";"52,35";"40,99";"47,01"
"150770 SAO SEBASTIAO DA BOA VISTA";"64,81";"48,55";"56,99"
"150775 SAPUCAIA";"61,05";"35,29";"48,89"
"150780 SENADOR JOSE PORFIRIO";"39,73";"27,50";"33,80"
"150790 SOURE";"30,10";"26,84";"28,53"
"150795 TAILANDIA";"61,75";"64,26";"62,95"
"150796 TERRA ALTA";"31,07";"30,54";"30,83"
"150797 TERRA SANTA";"62,54";"49,12";"55,81"
"150800 TOME-ACU";"41,30";"38,80";"40,10"
"150803 TRACUATEUA";"45,76";"30,30";"39,00"
"150805 TRAIRAO";"82,81";"55,56";"68,29"
"150808 TUCUMA";"50,71";"47,77";"49,27"
"150810 TUCURUI";"45,69";"40,04";"43,18"
"150812 ULIANOPOLIS";"54,76";"46,19";"50,60"
"150815 URUARA";"76,85";"49,44";"63,38"
"150820 VIGIA";"51,34";"20,34";"36,44"
"150830 VISEU";"36,67";"28,32";"32,86"
"150835 VITORIA DO XINGU";"52,52";"40,60";"46,91"
"150840 XINGUARA";"61,18";"49,08";"55,18"
"350010 ADAMANTINA";"93,02";"62,78";"77,56"
"350020 ADOLFO";"110,53";"92,11";"101,32"
"350030 AGUAI";"82,80";"69,09";"76,37"
"350040 AGUAS DA PRATA";"70,89";"104,17";"83,46"
"350050 AGUAS DE LINDOIA";"101,67";"45,99";"73,95"
"350055 AGUAS DE SANTA BARBARA";"97,18";"88,71";"93,23"
"350060 AGUAS DE SAO PEDRO";"21,62";"147,06";"61,11"
"350070 AGUDOS";"75,39";"63,37";"69,90"
"350075 ALAMBARI";"162,86";"57,53";"109,09"
"350080 ALFREDO MARCONDES";"97,92";"70,00";"85,23"
"350090 ALTAIR";"81,63";"58,54";"71,11"
"350100 ALTINOPOLIS";"71,04";"44,20";"57,69"
"350110 ALTO ALEGRE";"8,16";"3,23";"6,25"
"350115 ALUMINIO";"82,52";"57,40";"70,58"
"350120 ALVARES FLORENCE";"120,00";"110,34";"115,25"
"350130 ALVARES MACHADO";"99,09";"69,57";"85,08"
"350140 ALVARO DE CARVALHO";"137,50";"43,75";"86,36"
"350150 ALVINLANDIA";"61,90";"52,50";"57,32"
"350160 AMERICANA";"79,65";"64,49";"72,45"
"350170 AMERICO BRASILIENSE";"94,80";"72,45";"84,58"
"350180 AMERICO DE CAMPOS";"163,83";"79,25";"119,00"
"350190 AMPARO";"71,64";"60,52";"66,48"
"350200 ANALANDIA";"36,17";"83,33";"56,63"
"350210 ANDRADINA";"80,27";"57,94";"69,65"
"350220 ANGATUBA";"34,07";"62,63";"47,49"
"350230 ANHEMBI";"67,11";"50,67";"58,94"
"350240 ANHUMAS";"94,74";"85,11";"90,38"
"350250 APARECIDA";"48,54";"40,31";"44,90"
"350260 APARECIDA D\'OESTE";"65,12";"51,35";"58,75"
"350270 APIAI";"63,33";"51,80";"58,05"
"350275 ARACARIGUAMA";"27,03";"16,43";"21,57"
"350280 ARACATUBA";"65,69";"59,36";"62,70"
"350290 ARACOIABA DA SERRA";"35,42";"55,00";"44,24"
"350300 ARAMINA";"68,67";"66,10";"67,61"
"350310 ARANDU";"29,90";"34,94";"32,22"
"350315 ARAPEI";"164,29";"100,00";"136,00"
"350320 ARARAQUARA";"82,69";"59,32";"71,89"
"350330 ARARAS";"86,00";"68,42";"77,40"
"350335 ARCO-IRIS";"162,50";"105,88";"133,33"
"350340 AREALVA";"131,34";"81,69";"105,80"
"350350 AREIAS";"63,83";"11,11";"40,96"
"350360 AREIOPOLIS";"58,78";"49,09";"54,36"
"350370 ARIRANHA";"141,43";"39,24";"87,25"
"350380 ARTUR NOGUEIRA";"60,38";"30,40";"46,88"
"350390 ARUJA";"79,13";"63,16";"71,55"
"350395 ASPASIA";"90,48";"68,42";"80,00"
"350400 ASSIS";"55,50";"49,41";"52,70"
"350410 ATIBAIA";"84,60";"64,18";"74,81"
"350420 AURIFLAMA";"73,68";"62,14";"68,49"
"350430 AVAI";"108,33";"73,58";"92,04"
"350440 AVANHANDAVA";"73,89";"80,17";"76,56"
"350450 AVARE";"82,24";"60,59";"72,41"
"350460 BADY BASSITT";"127,73";"82,56";"103,28"
"350470 BALBINOS";"40,00";"100,00";"59,09"
"350480 BALSAMO";"122,35";"85,88";"104,12"
"350490 BANANAL";"90,43";"96,30";"93,14"
"350500 BARAO DE ANTONINA";"73,68";"146,43";"97,65"
"350510 BARBOSA";"37,63";"63,16";"49,11"
"350520 BARIRI";"42,89";"39,84";"41,43"
"350530 BARRA BONITA";"25,84";"20,70";"23,33"
"350535 BARRA DO CHAPEU";"94,32";"97,06";"95,51"
"350540 BARRA DO TURVO";"78,95";"32,10";"54,78"
"350550 BARRETOS";"63,58";"51,41";"58,05"
"350560 BARRINHA";"70,85";"65,56";"68,45"
"350570 BARUERI";"65,27";"12,03";"39,66"
"350580 BASTOS";"91,72";"58,97";"75,84"
"350590 BATATAIS";"58,31";"49,12";"53,92"
"350600 BAURU";"69,87";"55,10";"62,89"
"350610 BEBEDOURO";"89,53";"68,88";"80,15"
"350620 BENTO DE ABREU";"96,15";"70,97";"82,46"
"350630 BERNARDINO DE CAMPOS";"81,08";"50,72";"66,43"
"350635 BERTIOGA";"32,54";"48,02";"39,63"
"350640 BILAC";"72,00";"39,47";"55,63"
"350650 BIRIGUI";"71,53";"51,21";"62,15"
"350660 BIRITIBA-MIRIM";"78,17";"53,49";"66,19"
"350670 BOA ESPERANCA DO SUL";"94,12";"73,55";"84,31"
"350680 BOCAINA";"77,60";"61,21";"69,71"
"350690 BOFETE";"79,23";"38,74";"60,58"
"350700 BOITUVA";"56,97";"64,50";"60,44"
"350710 BOM JESUS DOS PERDOES";"91,79";"66,78";"79,97"
"350715 BOM SUCESSO DE ITARARE";"116,67";"57,38";"88,19"
"350720 BORA";"91,67";"18,18";"56,52"
"350730 BORACEIA";"46,15";"65,00";"55,20"
"350740 BORBOREMA";"76,69";"66,14";"72,07"
"350745 BOREBI";"0";"60,00";"60,00"
"350750 BOTUCATU";"89,45";"65,93";"78,17"
"350760 BRAGANCA PAULISTA";"78,46";"74,64";"76,68"
"350770 BRAUNA";"58,67";"61,67";"60,00"
"350775 BREJO ALEGRE";"80,00";"24,00";"56,67"
"350780 BRODOWSKI";"47,27";"47,72";"47,48"
"350790 BROTAS";"6,23";"18,91";"12,59"
"350800 BURI";"91,12";"75,00";"83,45"
"350810 BURITAMA";"84,36";"61,08";"72,53"
"350820 BURITIZAL";"26,83";"38,64";"32,94"
"350830 CABRALIA PAULISTA";"69,49";"70,59";"70,00"
"350840 CABREUVA";"61,89";"61,07";"61,52"
"350850 CACAPAVA";"66,90";"58,56";"62,95"
"350860 CACHOEIRA PAULISTA";"74,75";"41,41";"59,16"
"350870 CACONDE";"91,51";"76,09";"84,34"
"350880 CAFELANDIA";"42,36";"35,11";"38,77"
"350890 CAIABU";"104,88";"82,86";"94,74"
"350900 CAIEIRAS";"64,40";"40,30";"53,26"
"350910 CAIUA";"70,21";"41,03";"56,98"
"350920 CAJAMAR";"63,79";"49,30";"56,86"
"350925 CAJATI";"78,47";"67,34";"73,54"
"350930 CAJOBI";"43,75";"69,52";"57,21"
"350940 CAJURU";"56,60";"41,75";"49,69"
"350945 CAMPINA DO MONTE ALEGRE";"106,67";"100,00";"103,68"
"350950 CAMPINAS";"76,19";"61,20";"69,23"
"350960 CAMPO LIMPO PAULISTA";"68,31";"60,07";"64,60"
"350970 CAMPOS DO JORDAO";"79,14";"75,15";"77,29"
"350980 CAMPOS NOVOS PAULISTA";"71,43";"50,85";"62,50"
"350990 CANANEIA";"24,74";"27,50";"26,00"
"350995 CANAS";"50,59";"33,33";"43,05"
"351000 CANDIDO MOTA";"93,18";"71,94";"83,00"
"351010 CANDIDO RODRIGUES";"120,00";"67,86";"86,05"
"351015 CANITAR";"114,29";"98,51";"106,57"
"351020 CAPAO BONITO";"78,62";"60,85";"70,33"
"351030 CAPELA DO ALTO";"36,49";"30,04";"33,66"
"351040 CAPIVARI";"81,96";"60,61";"71,73"
"351050 CARAGUATATUBA";"73,93";"65,75";"70,07"
"351060 CARAPICUIBA";"49,71";"41,27";"45,80"
"351070 CARDOSO";"77,97";"59,57";"69,81"
"351080 CASA BRANCA";"53,48";"29,89";"42,59"
"351090 CASSIA DOS COQUEIROS";"75,86";"115,79";"91,67"
"351100 CASTILHO";"70,73";"52,97";"62,03"
"351110 CATANDUVA";"65,24";"57,39";"61,52"
"351120 CATIGUA";"72,04";"86,44";"77,63"
"351130 CEDRAL";"84,31";"62,96";"73,33"
"351140 CERQUEIRA CESAR";"107,38";"74,69";"91,00"
"351150 CERQUILHO";"103,38";"45,92";"75,75"
"351160 CESARIO LANGE";"75,18";"60,75";"68,95"
"351170 CHARQUEADA";"34,47";"47,50";"40,16"
"351190 CLEMENTINA";"74,77";"63,33";"69,54"
"351200 COLINA";"87,85";"71,74";"80,97"
"351210 COLOMBIA";"60,00";"39,76";"50,00"
"351220 CONCHAL";"77,32";"56,34";"66,83"
"351230 CONCHAS";"60,10";"20,31";"41,00"
"351240 CORDEIROPOLIS";"88,30";"62,78";"75,91"
"351250 COROADOS";"65,28";"62,00";"63,93"
"351260 CORONEL MACEDO";"107,84";"77,08";"92,93"
"351270 CORUMBATAI";"100,00";"58,49";"79,44"
"351280 COSMOPOLIS";"72,67";"54,42";"64,50"
"351290 COSMORAMA";"151,47";"105,81";"125,97"
"351300 COTIA";"64,60";"51,15";"58,26"
"351310 CRAVINHOS";"65,17";"54,50";"60,08"
"351320 CRISTAIS PAULISTA";"114,05";"86,67";"101,33"
"351330 CRUZALIA";"32,14";"123,08";"60,98"
"351340 CRUZEIRO";"57,62";"45,50";"51,96"
"351350 CUBATAO";"39,32";"20,66";"30,79"
"351360 CUNHA";"95,44";"32,50";"64,03"
"351370 DESCALVADO";"86,63";"79,87";"83,48"
"351380 DIADEMA";"78,20";"60,25";"69,98"
"351385 DIRCE REIS";"115,38";"150,00";"133,33"
"351390 DIVINOLANDIA";"118,97";"66,93";"91,77"
"351400 DOBRADA";"76,67";"87,91";"81,52"
"351410 DOIS CORREGOS";"57,49";"38,13";"48,69"
"351420 DOLCINOPOLIS";"96,00";"125,00";"108,89"
"351430 DOURADO";"66,67";"34,94";"51,96"
"351440 DRACENA";"94,30";"67,91";"81,61"
"351450 DUARTINA";"80,27";"51,45";"66,32"
"351460 DUMONT";"119,19";"94,95";"107,07"
"351470 ECHAPORA";"67,90";"1,35";"36,13"
"351480 ELDORADO";"60,68";"67,26";"63,64"
"351490 ELIAS FAUSTO";"102,88";"81,82";"92,91"
"351492 ELISIARIO";"132,14";"65,62";"96,67"
"351495 EMBAUBA";"150,00";"42,86";"92,31"
"351500 EMBU DAS ARTES";"74,58";"54,54";"65,32"
"351510 EMBU-GUACU";"58,53";"52,80";"56,02"
"351512 EMILIANOPOLIS";"128,12";"96,67";"112,90"
"351515 ENGENHEIRO COELHO";"71,69";"82,85";"76,91"
"351518 ESPIRITO SANTO DO PINHAL";"93,10";"50,50";"73,58"
"351519 ESPIRITO SANTO DO TURVO";"120,00";"57,14";"84,80"
"351520 ESTRELA D\'OESTE";"74,31";"79,31";"76,53"
"351530 ESTRELA DO NORTE";"71,79";"25,64";"48,72"
"351535 EUCLIDES DA CUNHA PAULISTA";"50,00";"34,04";"42,65"
"351540 FARTURA";"115,17";"61,84";"86,49"
"351550 FERNANDOPOLIS";"81,21";"58,32";"70,55"
"351560 FERNANDO PRESTES";"95,52";"86,36";"91,89"
"351565 FERNAO";"77,78";"142,86";"106,25"
"351570 FERRAZ DE VASCONCELOS";"33,00";"27,26";"30,32"
"351580 FLORA RICA";"23,81";"64,29";"40,00"
"351590 FLOREAL";"57,69";"107,69";"74,36"
"351600 FLORIDA PAULISTA";"73,08";"49,51";"62,66"
"351610 FLORINIA";"45,45";"35,71";"40,98"
"351620 FRANCA";"70,83";"41,20";"57,19"
"351630 FRANCISCO MORATO";"72,06";"60,38";"66,56"
"351640 FRANCO DA ROCHA";"72,30";"65,96";"69,38"
"351650 GABRIEL MONTEIRO";"88,00";"95,00";"91,11"
"351660 GALIA";"57,69";"62,71";"59,85"
"351670 GARCA";"90,75";"58,77";"75,67"
"351680 GASTAO VIDIGAL";"77,55";"103,70";"86,84"
"351685 GAVIAO PEIXOTO";"117,39";"55,56";"85,82"
"351690 GENERAL SALGADO";"50,00";"58,82";"53,62"
"351700 GETULINA";"45,00";"59,04";"51,37"
"351710 GLICERIO";"32,76";"29,79";"31,43"
"351720 GUAICARA";"70,39";"63,08";"67,02"
"351730 GUAIMBE";"79,78";"93,94";"85,81"
"351740 GUAIRA";"84,13";"61,88";"73,41"
"351750 GUAPIACU";"97,08";"55,96";"77,51"
"351760 GUAPIARA";"72,06";"50,66";"62,32"
"351770 GUARA";"82,50";"68,16";"75,96"
"351780 GUARACAI";"81,69";"78,26";"80,00"
"351790 GUARACI";"92,68";"61,90";"78,51"
"351800 GUARANI D\'OESTE";"272,73";"31,82";"112,12"
"351810 GUARANTA";"81,40";"58,62";"72,22"
"351820 GUARARAPES";"81,35";"58,10";"70,44"
"351830 GUARAREMA";"85,47";"79,89";"82,78"
"351840 GUARATINGUETA";"57,78";"53,20";"55,56"
"351850 GUAREI";"114,47";"72,41";"93,94"
"351860 GUARIBA";"22,31";"10,45";"16,77"
"351870 GUARUJA";"63,47";"55,51";"59,80"
"351880 GUARULHOS";"77,43";"62,24";"70,30"
"351885 GUATAPARA";"83,64";"58,95";"72,20"
"351890 GUZOLANDIA";"100,00";"80,00";"90,82"
"351900 HERCULANDIA";"92,31";"59,43";"75,71"
"351905 HOLAMBRA";"75,68";"58,24";"68,11"
"351907 HORTOLANDIA";"82,29";"71,16";"77,09"
"351910 IACANGA";"98,47";"63,12";"80,15"
"351920 IACRI";"107,14";"60,34";"83,33"
"351925 IARAS";"91,43";"80,28";"85,82"
"351930 IBATE";"48,01";"54,35";"51,08"
"351940 IBIRA";"91,78";"75,19";"84,00"
"351950 IBIRAREMA";"92,54";"72,73";"83,61"
"351960 IBITINGA";"94,74";"72,48";"83,98"
"351970 IBIUNA";"20,39";"46,42";"32,10"
"351980 ICEM";"64,55";"59,76";"62,50"
"351990 IEPE";"67,96";"95,77";"79,31"
"352000 IGARACU DO TIETE";"62,98";"50,39";"57,06"
"352010 IGARAPAVA";"73,12";"70,00";"71,75"
"352020 IGARATA";"83,90";"73,23";"78,37"
"352030 IGUAPE";"69,40";"52,81";"61,88"
"352040 ILHABELA";"78,49";"41,13";"60,43"
"352042 ILHA COMPRIDA";"65,41";"61,59";"63,64"
"352044 ILHA SOLTEIRA";"52,94";"50,00";"51,63"
"352050 INDAIATUBA";"71,27";"60,78";"66,23"
"352060 INDIANA";"78,18";"39,22";"59,43"
"352070 INDIAPORA";"75,68";"67,74";"72,06"
"352080 INUBIA PAULISTA";"76,47";"82,61";"78,95"
"352090 IPAUSSU";"64,40";"32,16";"49,17"
"352100 IPERO";"65,52";"73,21";"69,30"
"352110 IPEUNA";"96,15";"58,11";"80,34"
"352115 IPIGUA";"122,03";"68,42";"91,85"
"352120 IPORANGA";"70,15";"60,98";"66,67"
"352130 IPUA";"71,05";"46,45";"60,00"
"352140 IRACEMAPOLIS";"79,74";"70,56";"75,16"
"352150 IRAPUA";"118,75";"89,71";"105,41"
"352160 IRAPURU";"65,00";"32,79";"51,06"
"352170 ITABERA";"94,01";"51,90";"72,03"
"352180 ITAI";"85,76";"74,67";"80,48"
"352190 ITAJOBI";"110,92";"47,14";"76,04"
"352200 ITAJU";"118,18";"81,25";"100,00"
"352210 ITANHAEM";"57,76";"78,99";"67,22"
"352215 ITAOCA";"119,05";"66,67";"94,87"
"352220 ITAPECERICA DA SERRA";"44,09";"34,77";"39,84"
"352230 ITAPETININGA";"83,53";"71,12";"77,71"
"352240 ITAPEVA";"98,91";"68,90";"84,08"
"352250 ITAPEVI";"41,52";"30,34";"36,42"
"352260 ITAPIRA";"82,69";"61,62";"72,49"
"352265 ITAPIRAPUA PAULISTA";"53,52";"57,35";"55,40"
"352270 ITAPOLIS";"84,40";"69,39";"77,12"
"352280 ITAPORANGA";"80,30";"47,53";"65,56"
"352290 ITAPUI";"120,13";"80,79";"99,09"
"352300 ITAPURA";"50,00";"31,11";"43,20"
"352310 ITAQUAQUECETUBA";"72,30";"52,10";"62,72"
"352320 ITARARE";"84,14";"70,47";"77,72"
"352330 ITARIRI";"85,90";"68,49";"77,48"
"352340 ITATIBA";"67,83";"40,31";"54,60"
"352350 ITATINGA";"90,91";"68,60";"80,46"
"352360 ITIRAPINA";"61,99";"54,73";"58,62"
"352370 ITIRAPUA";"89,86";"86,76";"88,32"
"352380 ITOBI";"48,51";"65,38";"55,87"
"352390 ITU";"36,21";"43,18";"39,49"
"352400 ITUPEVA";"84,77";"56,84";"71,23"
"352410 ITUVERAVA";"43,04";"48,74";"45,62"
"352420 JABORANDI";"108,06";"84,21";"96,64"
"352430 JABOTICABAL";"79,30";"52,85";"66,67"
"352440 JACAREI";"29,42";"64,16";"45,49"
"352450 JACI";"123,16";"76,74";"101,10"
"352460 JACUPIRANGA";"61,45";"66,99";"63,91"
"352470 JAGUARIUNA";"81,00";"59,75";"70,98"
"352480 JALES";"102,33";"61,24";"82,42"
"352490 JAMBEIRO";"38,81";"27,87";"33,59"
"352500 JANDIRA";"37,44";"20,44";"29,82"
"352510 JARDINOPOLIS";"69,52";"59,93";"65,03"
"352520 JARINU";"94,30";"50,00";"72,63"
"352530 JAU";"64,54";"46,66";"56,26"
"352540 JERIQUARA";"113,89";"128,00";"119,67"
"352550 JOANOPOLIS";"117,39";"90,14";"103,57"
"352560 JOAO RAMALHO";"22,58";"104,44";"57,01"
"352570 JOSE BONIFACIO";"71,86";"63,59";"67,99"
"352580 JULIO MESQUITA";"106,90";"55,17";"81,03"
"352585 JUMIRIM";"65,71";"18,92";"41,67"
"352590 JUNDIAI";"82,84";"58,50";"71,12"
"352600 JUNQUEIROPOLIS";"93,83";"75,35";"84,84"
"352610 JUQUIA";"76,26";"48,45";"62,87"
"352620 JUQUITIBA";"68,14";"41,06";"55,20"
"352630 LAGOINHA";"87,50";"36,00";"58,89"
"352640 LARANJAL PAULISTA";"70,78";"49,70";"60,24"
"352650 LAVINIA";"65,22";"92,68";"75,45"
"352660 LAVRINHAS";"48,51";"29,33";"40,34"
"352670 LEME";"66,86";"60,14";"63,77"
"352680 LENCOIS PAULISTA";"86,16";"62,20";"75,03"
"352690 LIMEIRA";"54,06";"52,32";"53,24"
"352700 LINDOIA";"47,14";"14,93";"31,39"
"352710 LINS";"63,86";"54,82";"59,62"
"352720 LORENA";"57,40";"58,89";"58,06"
"352725 LOURDES";"57,14";"125,00";"81,82"
"352730 LOUVEIRA";"93,98";"67,75";"81,35"
"352740 LUCELIA";"85,38";"62,90";"73,67"
"352750 LUCIANOPOLIS";"116,67";"34,78";"76,60"
"352760 LUIS ANTONIO";"77,66";"54,61";"67,78"
"352770 LUIZIANIA";"48,48";"64,71";"55,56"
"352780 LUPERCIO";"40,91";"79,49";"55,24"
"352790 LUTECIA";"116,67";"33,33";"73,02"
"352800 MACATUBA";"83,33";"79,35";"81,38"
"352810 MACAUBAL";"104,17";"68,06";"86,11"
"352820 MACEDONIA";"179,17";"58,33";"106,67"
"352830 MAGDA";"96,55";"51,85";"75,00"
"352840 MAIRINQUE";"31,99";"17,99";"25,23"
"352850 MAIRIPORA";"99,81";"63,53";"82,51"
"352860 MANDURI";"117,43";"55,24";"86,92"
"352870 MARABA PAULISTA";"115,79";"33,33";"75,68"
"352880 MARACAI";"72,96";"80,30";"76,29"
"352885 MARAPOAMA";"118,52";"96,43";"107,27"
"352890 MARIAPOLIS";"62,86";"76,92";"70,27"
"352900 MARILIA";"84,35";"57,78";"71,84"
"352910 MARINOPOLIS";"46,15";"61,54";"53,85"
"352920 MARTINOPOLIS";"88,69";"48,42";"68,16"
"352930 MATAO";"67,82";"49,88";"59,56"
"352940 MAUA";"56,15";"54,49";"55,41"
"352950 MENDONCA";"100,00";"72,00";"86,18"
"352960 MERIDIANO";"72,00";"81,25";"75,61"
"352965 MESOPOLIS";"137,04";"27,59";"80,36"
"352970 MIGUELOPOLIS";"59,11";"65,55";"61,92"
"352980 MINEIROS DO TIETE";"90,30";"31,43";"60,22"
"352990 MIRACATU";"61,87";"39,86";"51,21"
"353000 MIRA ESTRELA";"73,33";"62,50";"68,52"
"353010 MIRANDOPOLIS";"59,11";"42,47";"51,64"
"353020 MIRANTE DO PARANAPANEMA";"65,00";"60,00";"62,65"
"353030 MIRASSOL";"75,48";"63,04";"69,49"
"353040 MIRASSOLANDIA";"91,23";"64,91";"78,07"
"353050 MOCOCA";"79,25";"64,83";"72,61"
"353060 MOGI DAS CRUZES";"59,57";"52,32";"56,10"
"353070 MOGI GUACU";"74,56";"64,67";"69,90"
"353080 MOGI MIRIM";"68,70";"61,72";"65,37"
"353090 MOMBUCA";"118,37";"121,74";"120,00"
"353100 MONCOES";"58,62";"57,89";"58,33"
"353110 MONGAGUA";"56,12";"29,09";"43,11"
"353120 MONTE ALEGRE DO SUL";"95,06";"31,65";"63,75"
"353130 MONTE ALTO";"97,96";"58,51";"77,57"
"353140 MONTE APRAZIVEL";"88,16";"80,54";"84,41"
"353150 MONTE AZUL PAULISTA";"76,09";"63,82";"70,40"
"353160 MONTE CASTELO";"123,08";"48,08";"80,22"
"353170 MONTEIRO LOBATO";"74,29";"19,35";"48,48"
"353180 MONTE MOR";"66,20";"49,77";"58,18"
"353190 MORRO AGUDO";"97,33";"67,91";"83,13"
"353200 MORUNGABA";"80,26";"72,03";"76,27"
"353205 MOTUCA";"93,88";"47,92";"71,13"
"353210 MURUTINGA DO SUL";"50,00";"52,00";"50,72"
"353215 NANTES";"87,76";"75,00";"82,35"
"353220 NARANDIBA";"146,30";"79,45";"107,87"
"353230 NATIVIDADE DA SERRA";"37,80";"14,00";"28,79"
"353240 NAZARE PAULISTA";"99,07";"60,29";"80,19"
"353250 NEVES PAULISTA";"83,70";"65,00";"75,00"
"353260 NHANDEARA";"58,25";"95,38";"72,62"
"353270 NIPOA";"51,22";"71,15";"58,96"
"353280 NOVA ALIANCA";"103,37";"76,83";"90,64"
"353282 NOVA CAMPINA";"86,33";"66,92";"76,95"
"353284 NOVA CANAA PAULISTA";"127,27";"35,29";"71,43"
"353286 NOVA CASTILHO";"69,23";"66,67";"68,42"
"353290 NOVA EUROPA";"77,50";"75,24";"76,44"
"353300 NOVA GRANADA";"77,95";"65,79";"72,20"
"353310 NOVA GUATAPORANGA";"137,50";"54,17";"95,83"
"353320 NOVA INDEPENDENCIA";"117,19";"50,91";"86,55"
"353325 NOVAIS";"50,00";"15,09";"35,20"
"353330 NOVA LUZITANIA";"50,00";"61,90";"55,10"
"353340 NOVA ODESSA";"73,95";"67,20";"70,84"
"353350 NOVO HORIZONTE";"84,84";"46,55";"66,88"
"353360 NUPORANGA";"23,17";"77,63";"49,37"
"353370 OCAUCU";"98,59";"58,46";"79,41"
"353380 OLEO";"77,78";"90,91";"83,67"
"353390 OLIMPIA";"86,55";"54,50";"70,97"
"353400 ONDA VERDE";"100,00";"71,43";"85,83"
"353410 ORIENTE";"82,67";"44,26";"65,44"
"353420 ORINDIUVA";"107,41";"68,00";"88,46"
"353430 ORLANDIA";"80,38";"60,92";"71,02"
"353440 OSASCO";"108,58";"49,42";"81,20"
"353450 OSCAR BRESSANE";"62,96";"64,71";"63,64"
"353460 OSVALDO CRUZ";"96,34";"76,75";"87,48"
"353470 OURINHOS";"76,96";"65,19";"71,49"
"353475 OUROESTE";"109,45";"39,42";"73,11"
"353480 OURO VERDE";"93,88";"74,47";"84,38"
"353490 PACAEMBU";"94,44";"64,65";"80,19"
"353500 PALESTINA";"97,14";"85,84";"92,09"
"353510 PALMARES PAULISTA";"76,43";"92,55";"82,91"
"353520 PALMEIRA D\'OESTE";"83,91";"121,05";"98,61"
"353530 PALMITAL";"67,82";"63,64";"65,96"
"353540 PANORAMA";"76,79";"70,00";"73,96"
"353550 PARAGUACU PAULISTA";"77,07";"70,47";"74,23"
"353560 PARAIBUNA";"81,13";"79,14";"80,27"
"353570 PARAISO";"64,10";"65,52";"64,71"
"353580 PARANAPANEMA";"52,90";"27,47";"41,99"
"353590 PARANAPUA";"70,15";"91,11";"78,57"
"353600 PARAPUA";"101,08";"75,28";"88,46"
"353610 PARDINHO";"81,52";"58,16";"69,47"
"353620 PARIQUERA-ACU";"60,52";"61,18";"60,82"
"353625 PARISI";"82,05";"72,41";"77,94"
"353630 PATROCINIO PAULISTA";"61,46";"53,41";"57,74"
"353640 PAULICEIA";"97,37";"57,58";"78,87"
"353650 PAULINIA";"78,16";"66,33";"72,39"
"353657 PAULISTANIA";"92,86";"113,64";"102,00"
"353660 PAULO DE FARIA";"107,41";"60,29";"85,91"
"353670 PEDERNEIRAS";"65,91";"54,09";"60,17"
"353680 PEDRA BELA";"102,94";"61,64";"81,56"
"353690 PEDRANOPOLIS";"121,43";"76,47";"96,77"
"353700 PEDREGULHO";"82,87";"66,15";"75,00"
"353710 PEDREIRA";"100,21";"67,56";"84,48"
"353715 PEDRINHAS PAULISTA";"120,59";"50,00";"88,71"
"353720 PEDRO DE TOLEDO";"79,66";"62,63";"71,89"
"353730 PENAPOLIS";"58,68";"49,50";"54,50"
"353740 PEREIRA BARRETO";"68,97";"54,70";"62,22"
"353750 PEREIRAS";"92,38";"78,16";"85,94"
"353760 PERUIBE";"80,37";"59,68";"70,39"
"353770 PIACATU";"65,08";"50,00";"58,12"
"353780 PIEDADE";"56,77";"50,32";"53,79"
"353790 PILAR DO SUL";"93,56";"67,89";"80,86"
"353800 PINDAMONHANGABA";"59,78";"60,86";"60,30"
"353810 PINDORAMA";"54,09";"88,24";"68,71"
"353820 PINHALZINHO";"116,67";"68,99";"92,21"
"353830 PIQUEROBI";"96,15";"0";"96,15"
"353850 PIQUETE";"39,61";"36,97";"38,46"
"353860 PIRACAIA";"78,90";"64,75";"72,58"
"353870 PIRACICABA";"80,78";"63,65";"72,84"
"353880 PIRAJU";"85,68";"72,96";"79,91"
"353890 PIRAJUI";"58,24";"54,02";"56,34"
"353900 PIRANGI";"69,77";"59,84";"64,84"
"353910 PIRAPORA DO BOM JESUS";"66,79";"51,90";"59,76"
"353920 PIRAPOZINHO";"55,06";"25,68";"41,30"
"353930 PIRASSUNUNGA";"86,43";"29,15";"59,18"
"353940 PIRATININGA";"69,43";"80,26";"74,20"
"353950 PITANGUEIRAS";"61,47";"61,81";"61,63"
"353960 PLANALTO";"59,55";"76,60";"65,44"
"353970 PLATINA";"73,91";"50,00";"64,47"
"353980 POA";"69,13";"59,63";"64,80"
"353990 POLONI";"111,11";"83,61";"97,58"
"354000 POMPEIA";"65,38";"58,05";"62,15"
"354010 PONGAI";"112,90";"76,92";"96,49"
"354020 PONTAL";"86,43";"76,94";"82,06"
"354025 PONTALINDA";"73,21";"70,83";"72,12"
"354030 PONTES GESTAL";"133,33";"42,86";"89,66"
"354040 POPULINA";"102,33";"25,58";"63,95"
"354050 PORANGABA";"169,05";"67,44";"117,65"
"354060 PORTO FELIZ";"58,32";"24,53";"42,64"
"354070 PORTO FERREIRA";"87,50";"48,72";"68,35"
"354075 POTIM";"23,41";"38,21";"30,17"
"354080 POTIRENDABA";"111,06";"65,24";"88,52"
"354085 PRACINHA";"93,33";"150,00";"109,52"
"354090 PRADOPOLIS";"78,41";"51,81";"66,19"
"354100 PRAIA GRANDE";"41,19";"39,81";"40,56"
"354105 PRATANIA";"103,70";"72,60";"88,96"
"354110 PRESIDENTE ALVES";"55,56";"40,62";"49,35"
"354120 PRESIDENTE BERNARDES";"75,00";"69,90";"72,77"
"354130 PRESIDENTE EPITACIO";"23,36";"49,88";"34,92"
"354140 PRESIDENTE PRUDENTE";"78,80";"53,49";"67,28"
"354150 PRESIDENTE VENCESLAU";"72,88";"70,80";"71,95"
"354160 PROMISSAO";"95,04";"48,21";"72,52"
"354165 QUADRA";"26,92";"35,00";"30,43"
"354170 QUATA";"113,42";"71,17";"91,35"
"354180 QUEIROZ";"66,07";"47,50";"58,33"
"354190 QUELUZ";"72,97";"33,33";"54,59"
"354200 QUINTANA";"102,35";"70,73";"86,83"
"354210 RAFARD";"111,11";"39,05";"75,59"
"354220 RANCHARIA";"94,13";"70,96";"83,47"
"354230 REDENCAO DA SERRA";"78,00";"46,81";"62,89"
"354240 REGENTE FEIJO";"100,40";"69,12";"86,28"
"354250 REGINOPOLIS";"104,55";"102,50";"103,77"
"354260 REGISTRO";"81,46";"54,22";"67,73"
"354270 RESTINGA";"66,67";"108,75";"84,02"
"354280 RIBEIRA";"76,74";"52,63";"65,43"
"354290 RIBEIRAO BONITO";"60,99";"38,62";"49,65"
"354300 RIBEIRAO BRANCO";"125,47";"72,62";"99,25"
"354310 RIBEIRAO CORRENTE";"124,49";"62,50";"87,60"
"354320 RIBEIRAO DO SUL";"102,22";"52,00";"75,79"
"354323 RIBEIRAO DOS INDIOS";"90,91";"70,00";"80,95"
"354325 RIBEIRAO GRANDE";"185,06";"65,22";"123,46"
"354330 RIBEIRAO PIRES";"47,22";"36,25";"41,73"
"354340 RIBEIRAO PRETO";"103,37";"66,14";"85,81"
"354350 RIVERSUL";"123,81";"89,19";"105,11"
"354360 RIFAINA";"50,00";"56,86";"53,61"
"354370 RINCAO";"85,27";"67,01";"77,43"
"354380 RINOPOLIS";"88,57";"55,06";"73,20"
"354390 RIO CLARO";"69,04";"56,79";"62,99"
"354400 RIO DAS PEDRAS";"70,88";"40,21";"55,85"
"354410 RIO GRANDE DA SERRA";"23,20";"20,48";"22,05"
"354420 RIOLANDIA";"82,73";"90,10";"86,26"
"354425 ROSANA";"70,43";"45,45";"59,23"
"354430 ROSEIRA";"75,19";"49,23";"62,36"
"354440 RUBIACEA";"85,71";"100,00";"90,74"
"354450 RUBINEIA";"160,00";"103,45";"129,63"
"354460 SABINO";"33,93";"51,92";"42,59"
"354470 SAGRES";"103,85";"92,31";"98,08"
"354480 SALES";"86,67";"93,88";"89,91"
"354490 SALES OLIVEIRA";"77,44";"83,65";"80,17"
"354500 SALESOPOLIS";"81,38";"52,06";"66,49"
"354510 SALMOURAO";"91,89";"62,86";"77,78"
"354515 SALTINHO";"89,25";"68,24";"79,21"
"354520 SALTO";"66,45";"59,84";"63,31"
"354530 SALTO DE PIRAPORA";"85,77";"69,28";"78,08"
"354540 SALTO GRANDE";"48,62";"48,84";"48,72"
"354550 SANDOVALINA";"47,17";"44,19";"45,83"
"354560 SANTA ADELIA";"61,75";"79,71";"69,47"
"354570 SANTA ALBERTINA";"113,85";"9,33";"57,86"
"354580 SANTA BARBARA D\'OESTE";"53,73";"50,30";"52,17"
"354600 SANTA BRANCA";"84,76";"60,71";"73,68"
"354610 SANTA CLARA D\'OESTE";"133,33";"80,00";"101,96"
"354620 SANTA CRUZ DA CONCEICAO";"40,74";"64,00";"51,92"
"354625 SANTA CRUZ DA ESPERANCA";"60,87";"169,23";"100,00"
"354630 SANTA CRUZ DAS PALMEIRAS";"89,59";"78,53";"84,47"
"354640 SANTA CRUZ DO RIO PARDO";"79,82";"72,97";"76,70"
"354650 SANTA ERNESTINA";"130,61";"98,33";"112,84"
"354660 SANTA FE DO SUL";"96,78";"67,55";"83,17"
"354670 SANTA GERTRUDES";"55,70";"35,21";"46,00"
"354680 SANTA ISABEL";"80,64";"62,72";"72,01"
"354690 SANTA LUCIA";"57,58";"55,70";"56,74"
"354700 SANTA MARIA DA SERRA";"58,57";"69,35";"63,64"
"354710 SANTA MERCEDES";"46,67";"0";"46,67"
"354720 SANTANA DA PONTE PENSA";"60,00";"45,45";"54,84"
"354730 SANTANA DE PARNAIBA";"84,52";"63,81";"74,23"
"354740 SANTA RITA D\'OESTE";"111,11";"8,00";"61,54"
"354750 SANTA RITA DO PASSA QUATRO";"84,68";"64,11";"75,27"
"354760 SANTA ROSA DE VITERBO";"69,08";"47,89";"59,31"
"354765 SANTA SALETE";"92,31";"121,43";"107,41"
"354770 SANTO ANASTACIO";"46,58";"0,54";"25,50"
"354780 SANTO ANDRE";"57,52";"49,19";"53,56"
"354790 SANTO ANTONIO DA ALEGRIA";"50,00";"71,01";"59,86"
"354800 SANTO ANTONIO DE POSSE";"84,73";"119,03";"101,38"
"354805 SANTO ANTONIO DO ARACANGUA";"44,66";"11,65";"28,16"
"354810 SANTO ANTONIO DO JARDIM";"90,62";"59,32";"75,61"
"354820 SANTO ANTONIO DO PINHAL";"90,32";"54,32";"73,56"
"354830 SANTO EXPEDITO";"175,76";"135,48";"156,25"
"354840 SANTOPOLIS DO AGUAPEI";"72,88";"60,42";"67,29"
"354850 SANTOS";"54,59";"47,77";"51,48"
"354860 SAO BENTO DO SAPUCAI";"68,03";"74,23";"70,78"
"354870 SAO BERNARDO DO CAMPO";"39,32";"59,96";"48,66"
"354880 SAO CAETANO DO SUL";"69,66";"58,66";"64,73"
"354890 SAO CARLOS";"69,76";"58,51";"64,63"
"354900 SAO FRANCISCO";"88,89";"125,00";"104,26"
"354910 SAO JOAO DA BOA VISTA";"6,74";"45,39";"24,12"
"354920 SAO JOAO DAS DUAS PONTES";"53,85";"16,67";"33,93"
"354925 SAO JOAO DE IRACEMA";"135,00";"146,67";"140,00"
"354930 SAO JOAO DO PAU D\'ALHO";"108,70";"32,14";"66,67"
"354940 SAO JOAQUIM DA BARRA";"71,67";"61,14";"66,79"
"354950 SAO JOSE DA BELA VISTA";"51,06";"63,75";"56,90"
"354960 SAO JOSE DO BARREIRO";"53,19";"77,78";"63,86"
"354970 SAO JOSE DO RIO PARDO";"52,77";"12,38";"34,10"
"354980 SAO JOSE DO RIO PRETO";"106,24";"60,67";"84,01"
"354990 SAO JOSE DOS CAMPOS";"36,96";"53,67";"44,65"
"354995 SAO LOURENCO DA SERRA";"34,65";"37,78";"36,13"
"355000 SAO LUIS DO PARAITINGA";"79,34";"83,15";"80,95"
"355010 SAO MANUEL";"80,15";"92,84";"85,57"
"355020 SAO MIGUEL ARCANJO";"93,60";"63,81";"79,62"
"355030 SAO PAULO";"69,12";"47,96";"59,35"
"355040 SAO PEDRO";"65,81";"50,26";"58,45"
"355050 SAO PEDRO DO TURVO";"81,40";"48,24";"64,91"
"355060 SAO ROQUE";"65,61";"40,25";"53,69"
"355070 SAO SEBASTIAO";"48,64";"40,43";"44,81"
"355080 SAO SEBASTIAO DA GRAMA";"144,94";"65,96";"104,37"
"355090 SAO SIMAO";"73,68";"56,39";"65,04"
"355100 SAO VICENTE";"51,94";"48,50";"50,37"
"355110 SARAPUI";"88,39";"81,00";"84,91"
"355120 SARUTAIA";"72,41";"80,43";"75,96"
"355130 SEBASTIANOPOLIS DO SUL";"88,24";"79,41";"83,82"
"355140 SERRA AZUL";"63,70";"57,84";"61,18"
"355150 SERRANA";"81,16";"59,57";"71,02"
"355160 SERRA NEGRA";"70,49";"53,79";"62,35"
"355170 SERTAOZINHO";"89,62";"52,91";"71,79"
"355180 SETE BARRAS";"53,96";"57,54";"55,64"
"355190 SEVERINIA";"121,08";"69,15";"94,91"
"355200 SILVEIRAS";"52,86";"65,57";"58,78"
"355210 SOCORRO";"99,52";"68,08";"84,05"
"355220 SOROCABA";"35,38";"8,13";"22,61"
"355230 SUD MENNUCCI";"47,17";"64,56";"54,59"
"355240 SUMARE";"58,01";"55,71";"56,93"
"355250 SUZANO";"81,49";"68,09";"75,29"
"355255 SUZANAPOLIS";"47,62";"37,04";"43,48"
"355260 TABAPUA";"94,02";"65,38";"80,54"
"355270 TABATINGA";"84,43";"77,05";"81,01"
"355280 TABOAO DA SERRA";"59,04";"40,70";"50,91"
"355290 TACIBA";"63,51";"28,17";"46,21"
"355300 TAGUAI";"120,00";"66,12";"93,21"
"355310 TAIACU";"128,57";"66,67";"96,90"
"355320 TAIUVA";"108,62";"74,42";"94,06"
"355330 TAMBAU";"50,50";"42,47";"46,80"
"355340 TANABI";"108,03";"74,03";"90,73"
"355350 TAPIRAI";"53,61";"57,30";"55,38"
"355360 TAPIRATIBA";"119,72";"65,05";"96,73"
"355365 TAQUARAL";"163,16";"61,54";"104,44"
"355370 TAQUARITINGA";"60,53";"72,55";"65,95"
"355380 TAQUARITUBA";"131,60";"73,27";"101,69"
"355385 TAQUARIVAI";"111,58";"71,72";"91,24"
"355390 TARABAI";"103,57";"80,77";"92,59"
"355395 TARUMA";"55,50";"49,43";"52,74"
"355400 TATUI";"41,38";"19,95";"31,43"
"355410 TAUBATE";"66,85";"30,71";"49,89"
"355420 TEJUPA";"61,25";"38,24";"50,68"
"355430 TEODORO SAMPAIO";"79,72";"65,12";"73,02"
"355440 TERRA ROXA";"81,44";"54,65";"68,85"
"355450 TIETE";"73,63";"51,79";"63,66"
"355460 TIMBURI";"95,24";"63,16";"80,00"
"355465 TORRE DE PEDRA";"230,00";"88,89";"148,94"
"355470 TORRINHA";"104,85";"71,91";"89,58"
"355475 TRABIJU";"105,00";"40,00";"68,89"
"355480 TREMEMBE";"72,35";"53,99";"63,67"
"355490 TRES FRONTEIRAS";"129,69";"96,88";"113,28"
"355495 TUIUTI";"98,11";"74,58";"85,71"
"355500 TUPA";"80,74";"63,27";"72,61"
"355510 TUPI PAULISTA";"96,45";"88,79";"93,00"
"355520 TURIUBA";"130,77";"85,71";"107,41"
"355530 TURMALINA";"66,67";"170,00";"103,57"
"355535 UBARANA";"96,74";"93,90";"95,40"
"355540 UBATUBA";"60,61";"56,11";"58,42"
"355550 UBIRAJARA";"67,44";"18,03";"46,94"
"355560 UCHOA";"111,70";"39,22";"73,98"
"355570 UNIAO PAULISTA";"107,69";"81,82";"91,43"
"355580 URANIA";"92,93";"73,49";"84,07"
"355590 URU";"180,00";"120,00";"150,00"
"355600 URUPES";"94,48";"84,26";"90,12"
"355610 VALENTIM GENTIL";"89,62";"78,53";"84,39"
"355620 VALINHOS";"40,45";"7,69";"24,95"
"355630 VALPARAISO";"55,90";"63,08";"59,23"
"355635 VARGEM";"73,68";"68,69";"71,36"
"355640 VARGEM GRANDE DO SUL";"37,41";"33,40";"35,54"
"355645 VARGEM GRANDE PAULISTA";"98,78";"68,98";"83,80"
"355650 VARZEA PAULISTA";"48,00";"30,78";"40,01"
"355660 VERA CRUZ";"58,56";"61,39";"59,91"
"355670 VINHEDO";"82,05";"34,61";"59,46"
"355680 VIRADOURO";"91,93";"65,42";"78,95"
"355690 VISTA ALEGRE DO ALTO";"100,93";"78,10";"89,62"
"355695 VITORIA BRASIL";"73,33";"41,18";"56,25"
"355700 VOTORANTIM";"61,34";"51,56";"56,83"
"355710 VOTUPORANGA";"91,20";"61,74";"76,30"
"355715 ZACARIAS";"100,00";"69,57";"85,11"
"355720 CHAVANTES";"63,49";"68,09";"65,45"
"355730 ESTIVA GERBI";"72,44";"66,17";"69,23"
"410010 ABATIA";"95,69";"59,26";"78,12"
"410020 ADRIANOPOLIS";"83,67";"96,61";"88,54"
"410030 AGUDOS DO SUL";"102,65";"36,54";"70,97"
"410040 ALMIRANTE TAMANDARE";"61,98";"55,90";"59,18"
"410045 ALTAMIRA DO PARANA";"35,21";"0";"35,21"
"410050 ALTONIA";"90,20";"58,57";"75,60"
"410060 ALTO PARANA";"35,39";"32,17";"33,96"
"410070 ALTO PIQUIRI";"85,71";"73,77";"80,00"
"410080 ALVORADA DO SUL";"72,07";"49,52";"61,11"
"410090 AMAPORA";"82,93";"44,19";"63,10"
"410100 AMPERE";"96,24";"51,53";"74,05"
"410105 ANAHY";"148,28";"150,00";"149,06"
"410110 ANDIRA";"58,54";"35,16";"47,53"
"410115 ANGULO";"109,76";"54,55";"81,18"
"410120 ANTONINA";"48,75";"45,58";"47,37"
"410130 ANTONIO OLINTO";"58,67";"77,97";"67,16"
"410140 APUCARANA";"58,01";"43,02";"51,00"
"410150 ARAPONGAS";"64,57";"57,92";"61,47"
"410160 ARAPOTI";"103,54";"75,00";"90,61"
"410165 ARAPUA";"72,55";"78,79";"75,00"
"410170 ARARUNA";"99,47";"62,70";"81,33"
"410180 ARAUCARIA";"108,48";"63,40";"87,39"
"410185 ARIRANHA DO IVAI";"81,82";"41,94";"65,33"
"410190 ASSAI";"31,77";"62,02";"43,93"
"410200 ASSIS CHATEAUBRIAND";"75,96";"58,81";"67,70"
"410210 ASTORGA";"33,65";"45,62";"39,69"
"410220 ATALAIA";"113,73";"53,06";"84,00"
"410230 BALSA NOVA";"75,53";"74,36";"75,06"
"410240 BANDEIRANTES";"65,47";"63,24";"64,40"
"410250 BARBOSA FERRAZ";"57,14";"65,00";"60,73"
"410260 BARRACAO";"102,01";"54,36";"78,19"
"410270 BARRA DO JACARE";"92,00";"0";"92,00"
"410275 BELA VISTA DA CAROBA";"79,17";"106,25";"90,00"
"410280 BELA VISTA DO PARAISO";"76,50";"57,14";"67,86"
"410290 BITURUNA";"68,15";"58,75";"63,57"
"410300 BOA ESPERANCA";"68,75";"53,06";"61,95"
"410302 BOA ESPERANCA DO IGUACU";"70,00";"50,00";"60,34"
"410304 BOA VENTURA DE SAO ROQUE";"118,29";"83,13";"100,61"
"410305 BOA VISTA DA APARECIDA";"103,25";"72,00";"89,24"
"410310 BOCAIUVA DO SUL";"19,00";"53,80";"34,36"
"410315 BOM JESUS DO SUL";"104,84";"76,47";"92,04"
"410320 BOM SUCESSO";"105,81";"57,14";"80,79"
"410322 BOM SUCESSO DO SUL";"88,89";"23,53";"57,14"
"410330 BORRAZOPOLIS";"66,29";"71,88";"68,63"
"410335 BRAGANEY";"87,50";"52,05";"68,61"
"410337 BRASILANDIA DO SUL";"100,00";"59,18";"80,58"
"410340 CAFEARA";"253,33";"117,39";"171,05"
"410345 CAFELANDIA";"93,00";"68,39";"80,49"
"410347 CAFEZAL DO SUL";"127,45";"89,29";"107,48"
"410350 CALIFORNIA";"95,58";"65,77";"80,80"
"410360 CAMBARA";"73,14";"60,29";"66,79"
"410370 CAMBE";"85,98";"74,80";"80,86"
"410380 CAMBIRA";"125,51";"98,94";"112,50"
"410390 CAMPINA DA LAGOA";"80,09";"68,16";"74,41"
"410395 CAMPINA DO SIMAO";"81,43";"73,02";"77,44"
"410400 CAMPINA GRANDE DO SUL";"12,11";"20,97";"16,06"
"410405 CAMPO BONITO";"66,67";"70,91";"68,64"
"410410 CAMPO DO TENENTE";"28,15";"62,16";"43,50"
"410420 CAMPO LARGO";"59,19";"50,40";"55,09"
"410425 CAMPO MAGRO";"69,23";"60,81";"65,13"
"410430 CAMPO MOURAO";"75,31";"73,66";"74,56"
"410440 CANDIDO DE ABREU";"102,15";"67,60";"85,21"
"410442 CANDOI";"86,02";"60,47";"74,90"
"410445 CANTAGALO";"85,41";"70,00";"78,51"
"410450 CAPANEMA";"100,40";"62,45";"82,25"
"410460 CAPITAO LEONIDAS MARQUES";"77,46";"60,36";"69,31"
"410465 CARAMBEI";"90,14";"86,35";"88,38"
"410470 CARLOPOLIS";"0,50";"79,67";"38,02"
"410480 CASCAVEL";"91,23";"63,41";"77,47"
"410490 CASTRO";"100,17";"63,60";"82,85"
"410500 CATANDUVAS";"46,09";"84,62";"64,38"
"410510 CENTENARIO DO SUL";"65,90";"64,71";"65,41"
"410520 CERRO AZUL";"70,14";"36,07";"53,18"
"410530 CEU AZUL";"85,38";"69,49";"77,82"
"410540 CHOPINZINHO";"79,17";"62,54";"70,81"
"410550 CIANORTE";"89,06";"63,97";"77,16"
"410560 CIDADE GAUCHA";"103,38";"64,71";"83,72"
"410570 CLEVELANDIA";"82,61";"33,47";"57,42"
"410580 COLOMBO";"69,05";"49,59";"60,06"
"410590 COLORADO";"59,09";"44,40";"52,37"
"410600 CONGONHINHAS";"49,64";"67,74";"56,96"
"410610 CONSELHEIRO MAIRINCK";"89,29";"93,75";"90,91"
"410620 CONTENDA";"77,59";"49,79";"63,81"
"410630 CORBELIA";"78,99";"79,38";"79,16"
"410640 CORNELIO PROCOPIO";"68,22";"51,88";"60,60"
"410645 CORONEL DOMINGOS SOARES";"82,08";"68,42";"76,37"
"410650 CORONEL VIVIDA";"87,09";"67,34";"77,78"
"410655 CORUMBATAI DO SUL";"32,50";"9,76";"20,99"
"410657 CRUZEIRO DO IGUACU";"85,71";"78,26";"82,57"
"410660 CRUZEIRO DO OESTE";"82,19";"45,29";"64,26"
"410670 CRUZEIRO DO SUL";"42,86";"49,21";"45,71"
"410680 CRUZ MACHADO";"64,29";"71,43";"67,46"
"410685 CRUZMALTINA";"92,86";"38,30";"64,04"
"410690 CURITIBA";"74,00";"53,77";"64,63"
"410700 CURIUVA";"62,43";"54,17";"58,54"
"410710 DIAMANTE DO NORTE";"95,65";"36,96";"66,30"
"410712 DIAMANTE DO SUL";"79,25";"74,36";"77,17"
"410715 DIAMANTE D\'OESTE";"81,58";"67,21";"75,18"
"410720 DOIS VIZINHOS";"107,21";"53,54";"81,38"
"410725 DOURADINA";"87,40";"58,56";"73,95"
"410730 DOUTOR CAMARGO";"42,62";"40,98";"41,80"
"410740 ENEAS MARQUES";"95,38";"55,17";"76,42"
"410750 ENGENHEIRO BELTRAO";"50,91";"34,07";"43,33"
"410752 ESPERANCA NOVA";"100,00";"78,95";"90,24"
"410753 ENTRE RIOS DO OESTE";"105,45";"66,67";"86,79"
"410754 ESPIGAO ALTO DO IGUACU";"100,00";"75,86";"88,43"
"410755 FAROL";"41,67";"53,12";"46,25"
"410760 FAXINAL";"57,04";"48,71";"53,19"
"410765 FAZENDA RIO GRANDE";"38,32";"34,08";"36,32"
"410770 FENIX";"111,86";"68,63";"91,82"
"410773 FERNANDES PINHEIRO";"62,75";"10,13";"39,78"
"410775 FIGUEIRA";"87,63";"57,14";"71,78"
"410780 FLORAI";"114,55";"69,09";"91,82"
"410785 FLOR DA SERRA DO SUL";"95,95";"96,61";"96,24"
"410790 FLORESTA";"54,31";"44,64";"49,56"
"410800 FLORESTOPOLIS";"70,67";"63,93";"67,65"
"410810 FLORIDA";"122,22";"40,54";"75,00"
"410820 FORMOSA DO OESTE";"86,24";"80,52";"83,87"
"410830 FOZ DO IGUACU";"70,85";"58,49";"64,92"
"410832 FRANCISCO ALVES";"100,00";"48,35";"74,59"
"410840 FRANCISCO BELTRAO";"68,85";"56,80";"63,01"
"410845 FOZ DO JORDAO";"75,00";"103,03";"88,03"
"410850 GENERAL CARNEIRO";"47,24";"72,47";"59,15"
"410855 GODOY MOREIRA";"52,63";"133,33";"78,57"
"410860 GOIOERE";"72,06";"70,24";"71,21"
"410865 GOIOXIM";"88,89";"108,43";"97,38"
"410870 GRANDES RIOS";"71,59";"71,79";"71,69"
"410880 GUAIRA";"70,36";"54,80";"62,89"
"410890 GUAIRACA";"129,87";"57,78";"91,02"
"410895 GUAMIRANGA";"78,95";"55,32";"68,27"
"410900 GUAPIRAMA";"45,45";"78,72";"60,78"
"410910 GUAPOREMA";"114,29";"62,50";"86,67"
"410920 GUARACI";"55,22";"54,39";"54,84"
"410930 GUARANIACU";"60,00";"40,00";"51,67"
"410940 GUARAPUAVA";"47,05";"43,21";"45,21"
"410950 GUARAQUECABA";"94,95";"33,93";"62,56"
"410960 GUARATUBA";"38,28";"40,39";"39,28"
"410965 HONORIO SERPA";"147,27";"66,67";"105,22"
"410970 IBAITI";"118,21";"75,14";"96,31"
"410975 IBEMA";"92,55";"66,27";"80,23"
"410980 IBIPORA";"54,49";"34,79";"45,45"
"410990 ICARAIMA";"119,30";"47,37";"80,57"
"411000 IGUARACU";"159,26";"59,74";"100,76"
"411005 IGUATU";"107,69";"66,67";"89,36"
"411007 IMBAU";"18,54";"12,50";"15,61"
"411010 IMBITUVA";"97,24";"67,57";"82,84"
"411020 INACIO MARTINS";"56,40";"81,38";"67,82"
"411030 INAJA";"121,88";"63,64";"92,31"
"411040 INDIANOPOLIS";"113,73";"82,69";"98,06"
"411050 IPIRANGA";"105,73";"73,58";"89,61"
"411060 IPORA";"98,45";"24,74";"61,88"
"411065 IRACEMA DO OESTE";"150,00";"91,67";"118,18"
"411070 IRATI";"82,71";"69,65";"76,64"
"411080 IRETAMA";"89,66";"80,34";"85,50"
"411090 ITAGUAJE";"40,91";"43,18";"41,82"
"411095 ITAIPULANDIA";"41,24";"67,76";"52,89"
"411100 ITAMBARACA";"93,94";"31,25";"59,59"
"411110 ITAMBE";"20,55";"12,70";"16,91"
"411120 ITAPEJARA D\'OESTE";"83,60";"46,34";"66,29"
"411125 ITAPERUCU";"52,75";"56,03";"54,29"
"411130 ITAUNA DO SUL";"126,32";"81,40";"102,47"
"411140 IVAI";"88,78";"78,95";"84,48"
"411150 IVAIPORA";"102,57";"65,00";"84,01"
"411155 IVATE";"34,07";"34,67";"34,34"
"411160 IVATUBA";"18,42";"42,42";"29,58"
"411170 JABOTI";"68,35";"61,40";"65,44"
"411180 JACAREZINHO";"97,61";"63,67";"80,44"
"411190 JAGUAPITA";"3,39";"0";"3,39"
"411200 JAGUARIAIVA";"85,14";"79,87";"82,76"
"411210 JANDAIA DO SUL";"100,37";"53,50";"78,29"
"411220 JANIOPOLIS";"62,50";"118,60";"83,48"
"411230 JAPIRA";"72,97";"71,15";"72,22"
"411240 JAPURA";"77,98";"72,73";"75,63"
"411250 JARDIM ALEGRE";"98,47";"71,64";"84,91"
"411260 JARDIM OLINDA";"350,00";"0";"350,00"
"411270 JATAIZINHO";"74,11";"74,10";"74,11"
"411275 JESUITAS";"104,95";"80,00";"93,19"
"411280 JOAQUIM TAVORA";"95,09";"58,44";"77,29"
"411290 JUNDIAI DO SUL";"70,97";"69,44";"70,15"
"411295 JURANDA";"93,75";"77,66";"85,79"
"411300 JUSSARA";"86,67";"57,69";"73,21"
"411310 KALORE";"75,51";"65,22";"70,53"
"411320 LAPA";"78,23";"49,15";"64,14"
"411325 LARANJAL";"97,89";"92,31";"95,38"
"411330 LARANJEIRAS DO SUL";"83,54";"57,78";"70,81"
"411340 LEOPOLIS";"102,08";"52,38";"78,89"
"411342 LIDIANOPOLIS";"73,08";"51,06";"62,63"
"411345 LINDOESTE";"125,35";"60,00";"90,73"
"411350 LOANDA";"109,54";"64,04";"88,01"
"411360 LOBATO";"42,37";"59,09";"49,51"
"411370 LONDRINA";"74,80";"59,28";"67,49"
"411373 LUIZIANA";"103,57";"90,70";"97,06"
"411375 LUNARDELLI";"98,21";"66,00";"83,02"
"411380 LUPIONOPOLIS";"95,12";"87,18";"91,25"
"411390 MALLET";"91,72";"69,13";"81,13"
"411400 MAMBORE";"76,73";"66,67";"72,65"
"411410 MANDAGUACU";"88,14";"73,05";"80,16"
"411420 MANDAGUARI";"79,72";"49,79";"65,21"
"411430 MANDIRITUBA";"30,42";"2,65";"17,70"
"411435 MANFRINOPOLIS";"91,67";"103,70";"96,83"
"411440 MANGUEIRINHA";"78,23";"58,50";"68,26"
"411450 MANOEL RIBAS";"102,06";"87,13";"95,07"
"411460 MARECHAL CANDIDO RONDON";"68,73";"59,28";"64,23"
"411470 MARIA HELENA";"46,05";"73,13";"58,74"
"411480 MARIALVA";"38,13";"59,72";"49,10"
"411490 MARILANDIA DO SUL";"114,78";"73,91";"92,49"
"411500 MARILENA";"101,18";"45,71";"70,53"
"411510 MARILUZ";"93,20";"74,26";"84,10"
"411520 MARINGA";"96,28";"61,03";"79,48"
"411530 MARIOPOLIS";"92,13";"46,91";"70,59"
"411535 MARIPA";"146,34";"44,58";"95,15"
"411540 MARMELEIRO";"105,21";"71,43";"89,90"
"411545 MARQUINHO";"102,78";"6,45";"58,21"
"411550 MARUMBI";"1,69";"58,82";"28,18"
"411560 MATELANDIA";"68,57";"60,42";"64,81"
"411570 MATINHOS";"60,46";"31,73";"46,15"
"411573 MATO RICO";"127,03";"80,43";"101,20"
"411575 MAUA DA SERRA";"40,00";"50,33";"45,13"
"411580 MEDIANEIRA";"38,28";"0,27";"19,45"
"411585 MERCEDES";"98,70";"67,65";"84,14"
"411590 MIRADOR";"100,00";"71,43";"88,24"
"411600 MIRASELVA";"106,25";"40,00";"69,44"
"411605 MISSAL";"73,33";"49,64";"61,31"
"411610 MOREIRA SALES";"36,71";"54,40";"44,52"
"411620 MORRETES";"84,85";"51,12";"68,28"
"411630 MUNHOZ DE MELO";"105,77";"74,36";"92,31"
"411640 NOSSA SENHORA DAS GRACAS";"58,49";"103,03";"75,58"
"411650 NOVA ALIANCA DO IVAI";"71,43";"18,18";"44,19"
"411660 NOVA AMERICA DA COLINA";"127,50";"46,67";"84,71"
"411670 NOVA AURORA";"106,34";"68,75";"88,52"
"411680 NOVA CANTU";"24,24";"59,46";"39,31"
"411690 NOVA ESPERANCA";"93,64";"55,95";"74,62"
"411695 NOVA ESPERANCA DO SUDOESTE";"97,01";"61,43";"78,83"
"411700 NOVA FATIMA";"92,39";"43,84";"70,91"
"411705 NOVA LARANJEIRAS";"91,03";"48,17";"68,28"
"411710 NOVA LONDRINA";"51,52";"13,12";"32,62"
"411720 NOVA OLIMPIA";"27,03";"102,08";"56,56"
"411721 NOVA SANTA BARBARA";"117,31";"86,05";"103,16"
"411722 NOVA SANTA ROSA";"67,19";"61,62";"64,76"
"411725 NOVA PRATA DO IGUACU";"103,42";"87,04";"95,56"
"411727 NOVA TEBAS";"84,16";"57,78";"71,73"
"411729 NOVO ITACOLOMI";"65,91";"84,62";"72,86"
"411730 ORTIGUEIRA";"81,59";"70,63";"76,21"
"411740 OURIZONA";"60,00";"60,00";"60,00"
"411745 OURO VERDE DO OESTE";"82,95";"80,00";"81,60"
"411750 PAICANDU";"74,61";"68,97";"71,85"
"411760 PALMAS";"72,62";"47,67";"60,49"
"411770 PALMEIRA";"45,40";"53,88";"49,53"
"411780 PALMITAL";"89,40";"69,66";"80,51"
"411790 PALOTINA";"94,26";"64,52";"79,52"
"411800 PARAISO DO NORTE";"116,22";"79,49";"99,41"
"411810 PARANACITY";"92,52";"64,46";"79,85"
"411820 PARANAGUA";"60,47";"42,88";"52,13"
"411830 PARANAPOEMA";"72,50";"87,10";"78,87"
"411840 PARANAVAI";"62,63";"43,98";"53,71"
"411845 PATO BRAGADO";"112,50";"65,67";"89,93"
"411850 PATO BRANCO";"111,12";"75,29";"93,33"
"411860 PAULA FREITAS";"87,14";"48,33";"69,23"
"411870 PAULO FRONTIN";"41,25";"30,16";"36,36"
"411880 PEABIRU";"95,24";"65,56";"81,19"
"411885 PEROBAL";"94,69";"60,20";"78,67"
"411890 PEROLA";"34,42";"45,52";"39,80"
"411900 PEROLA D\'OESTE";"102,82";"60,26";"80,54"
"411910 PIEN";"123,60";"91,67";"108,52"
"411915 PINHAIS";"73,98";"60,38";"67,93"
"411920 PINHALAO";"105,88";"63,86";"85,12"
"411925 PINHAL DE SAO BENTO";"88,24";"126,09";"103,51"
"411930 PINHAO";"85,09";"54,47";"70,63"
"411940 PIRAI DO SUL";"95,11";"76,27";"86,40"
"411950 PIRAQUARA";"82,32";"60,52";"71,75"
"411960 PITANGA";"85,42";"75,29";"80,41"
"411965 PITANGUEIRAS";"162,50";"185,71";"173,33"
"411970 PLANALTINA DO PARANA";"66,15";"14,29";"40,62"
"411980 PLANALTO";"89,29";"56,16";"72,38"
"411990 PONTA GROSSA";"81,20";"61,72";"72,16"
"411995 PONTAL DO PARANA";"2,39";"12,97";"6,95"
"412000 PORECATU";"72,12";"76,70";"73,88"
"412010 PORTO AMAZONAS";"138,64";"64,58";"100,00"
"412015 PORTO BARREIRO";"126,83";"72,09";"98,81"
"412020 PORTO RICO";"117,14";"76,47";"97,10"
"412030 PORTO VITORIA";"83,33";"77,78";"81,11"
"412033 PRADO FERREIRA";"104,00";"69,49";"85,32"
"412035 PRANCHITA";"84,38";"44,58";"65,92"
"412040 PRESIDENTE CASTELO BRANCO";"81,16";"27,27";"54,81"
"412050 PRIMEIRO DE MAIO";"92,71";"94,87";"93,68"
"412060 PRUDENTOPOLIS";"85,11";"78,04";"81,94"
"412065 QUARTO CENTENARIO";"110,91";"50,00";"81,90"
"412070 QUATIGUA";"94,95";"83,91";"89,78"
"412080 QUATRO BARRAS";"89,52";"60,65";"76,43"
"412085 QUATRO PONTES";"102,50";"53,19";"75,86"
"412090 QUEDAS DO IGUACU";"80,63";"86,49";"83,24"
"412100 QUERENCIA DO NORTE";"104,09";"55,70";"81,56"
"412110 QUINTA DO SOL";"24,66";"42,00";"31,71"
"412120 QUITANDINHA";"84,23";"61,32";"73,51"
"412125 RAMILANDIA";"80,30";"30,99";"54,74"
"412130 RANCHO ALEGRE";"103,70";"120,69";"112,50"
"412135 RANCHO ALEGRE D\'OESTE";"80,95";"79,31";"80,28"
"412140 REALEZA";"109,05";"70,10";"90,35"
"412150 REBOUCAS";"86,32";"75,14";"81,45"
"412160 RENASCENCA";"118,39";"39,33";"78,41"
"412170 RESERVA";"83,59";"25,07";"56,43"
"412175 RESERVA DO IGUACU";"41,28";"60,64";"50,25"
"412180 RIBEIRAO CLARO";"75,84";"76,92";"76,30"
"412190 RIBEIRAO DO PINHAL";"88,00";"84,11";"86,20"
"412200 RIO AZUL";"86,96";"72,61";"80,77"
"412210 RIO BOM";"78,57";"64,52";"72,60"
"412215 RIO BONITO DO IGUACU";"90,61";"68,35";"80,13"
"412217 RIO BRANCO DO IVAI";"80,82";"43,75";"66,12"
"412220 RIO BRANCO DO SUL";"58,19";"44,53";"51,68"
"412230 RIO NEGRO";"73,15";"31,44";"53,75"
"412240 ROLANDIA";"62,36";"63,48";"62,88"
"412250 RONCADOR";"74,39";"44,12";"60,67"
"412260 RONDON";"77,78";"65,31";"72,53"
"412265 ROSARIO DO IVAI";"91,46";"73,77";"83,92"
"412270 SABAUDIA";"88,66";"83,84";"86,22"
"412280 SALGADO FILHO";"78,46";"82,61";"80,18"
"412290 SALTO DO ITARARE";"138,24";"56,92";"84,85"
"412300 SALTO DO LONTRA";"76,78";"77,33";"77,02"
"412310 SANTA AMELIA";"58,70";"51,52";"55,70"
"412320 SANTA CECILIA DO PAVAO";"68,25";"42,86";"58,10"
"412330 SANTA CRUZ DE MONTE CASTELO";"73,76";"38,94";"58,27"
"412340 SANTA FE";"49,14";"52,07";"50,63"
"412350 SANTA HELENA";"93,09";"72,61";"83,77"
"412360 SANTA INES";"85,00";"68,42";"76,92"
"412370 SANTA ISABEL DO IVAI";"79,59";"59,55";"70,05"
"412380 SANTA IZABEL DO OESTE";"112,50";"84,35";"99,02"
"412382 SANTA LUCIA";"108,89";"56,82";"83,15"
"412385 SANTA MARIA DO OESTE";"102,76";"62,50";"83,88"
"412390 SANTA MARIANA";"85,29";"48,18";"66,67"
"412395 SANTA MONICA";"87,50";"58,33";"74,04"
"412400 SANTANA DO ITARARE";"70,97";"38,67";"53,28"
"412402 SANTA TEREZA DO OESTE";"104,00";"94,55";"99,73"
"412405 SANTA TEREZINHA DE ITAIPU";"75,13";"56,69";"66,81"
"412410 SANTO ANTONIO DA PLATINA";"73,60";"66,25";"70,29"
"412420 SANTO ANTONIO DO CAIUA";"205,00";"44,83";"110,20"
"412430 SANTO ANTONIO DO PARAISO";"50,00";"33,33";"42,50"
"412440 SANTO ANTONIO DO SUDOESTE";"84,64";"55,78";"71,63"
"412450 SANTO INACIO";"50,93";"23,17";"38,95"
"412460 SAO CARLOS DO IVAI";"107,14";"78,26";"92,05"
"412470 SAO JERONIMO DA SERRA";"105,43";"31,06";"67,82"
"412480 SAO JOAO";"78,08";"75,18";"76,66"
"412490 SAO JOAO DO CAIUA";"100,00";"69,23";"86,49"
"412500 SAO JOAO DO IVAI";"92,41";"64,71";"80,97"
"412510 SAO JOAO DO TRIUNFO";"73,01";"51,93";"61,92"
"412520 SAO JORGE D\'OESTE";"106,25";"48,28";"76,75"
"412530 SAO JORGE DO IVAI";"81,63";"94,74";"87,36"
"412535 SAO JORGE DO PATROCINIO";"72,73";"81,58";"76,83"
"412540 SAO JOSE DA BOA VISTA";"92,00";"69,44";"80,95"
"412545 SAO JOSE DAS PALMEIRAS";"63,51";"72,73";"67,44"
"412550 SAO JOSE DOS PINHAIS";"66,42";"55,61";"61,32"
"412555 SAO MANOEL DO PARANA";"87,50";"83,33";"85,71"
"412560 SAO MATEUS DO SUL";"63,27";"39,74";"52,67"
"412570 SAO MIGUEL DO IGUACU";"63,35";"41,88";"52,85"
"412575 SAO PEDRO DO IGUACU";"105,26";"25,30";"63,52"
"412580 SAO PEDRO DO IVAI";"66,00";"73,26";"69,35"
"412590 SAO PEDRO DO PARANA";"55,00";"60,61";"57,53"
"412600 SAO SEBASTIAO DA AMOREIRA";"77,88";"77,11";"77,55"
"412610 SAO TOME";"71,43";"50,00";"62,22"
"412620 SAPOPEMA";"91,75";"91,78";"91,76"
"412625 SARANDI";"45,28";"45,29";"45,28"
"412627 SAUDADE DO IGUACU";"63,00";"52,50";"58,33"
"412630 SENGES";"105,33";"61,83";"82,83"
"412635 SERRANOPOLIS DO IGUACU";"93,48";"29,82";"58,25"
"412640 SERTANEJA";"60,34";"65,31";"62,62"
"412650 SERTANOPOLIS";"69,73";"52,69";"61,19"
"412660 SIQUEIRA CAMPOS";"82,84";"80,29";"81,55"
"412665 SULINA";"39,47";"107,14";"68,18"
"412667 TAMARANA";"88,06";"64,60";"77,62"
"412670 TAMBOARA";"74,29";"93,75";"83,58"
"412680 TAPEJARA";"26,21";"61,11";"43,32"
"412690 TAPIRA";"136,67";"38,03";"83,21"
"412700 TEIXEIRA SOARES";"75,20";"67,48";"71,37"
"412710 TELEMACO BORBA";"90,54";"59,57";"75,89"
"412720 TERRA BOA";"70,56";"77,10";"73,71"
"412730 TERRA RICA";"87,44";"52,38";"71,39"
"412740 TERRA ROXA";"67,86";"61,60";"64,83"
"412750 TIBAGI";"91,75";"68,46";"80,58"
"412760 TIJUCAS DO SUL";"91,02";"60,96";"76,53"
"412770 TOLEDO";"99,77";"62,07";"82,14"
"412780 TOMAZINA";"72,09";"67,57";"70,00"
"412785 TRES BARRAS DO PARANA";"100,61";"48,15";"74,54"
"412788 TUNAS DO PARANA";"26,15";"10,66";"18,65"
"412790 TUNEIRAS DO OESTE";"31,90";"61,70";"45,24"
"412795 TUPASSI";"106,59";"14,46";"62,64"
"412796 TURVO";"82,74";"88,44";"85,21"
"412800 UBIRATA";"106,35";"59,51";"84,14"
"412810 UMUARAMA";"79,83";"64,97";"72,63"
"412820 UNIAO DA VITORIA";"84,80";"61,78";"73,75"
"412830 UNIFLOR";"100,00";"68,00";"84,62"
"412840 URAI";"77,55";"65,22";"71,58"
"412850 WENCESLAU BRAZ";"109,30";"56,87";"82,88"
"412853 VENTANIA";"81,01";"50,40";"67,49"
"412855 VERA CRUZ DO OESTE";"93,52";"60,20";"77,67"
"412860 VERE";"95,61";"54,65";"78,00"
"412862 ALTO PARAISO";"108,89";"33,96";"68,37"
"412863 DOUTOR ULYSSES";"97,14";"53,23";"76,52"
"412865 VIRMOND";"105,36";"57,14";"81,25"
"412870 VITORINO";"96,95";"90,83";"94,17"
"412880 XAMBRE";"117,81";"82,35";"100,71"
"420005 ABDON BATISTA";"68,29";"43,48";"59,38"
"420010 ABELARDO LUZ";"74,01";"58,24";"66,36"
"420020 AGROLANDIA";"71,70";"99,12";"83,15"
"420030 AGRONOMICA";"135,29";"84,38";"110,61"
"420040 AGUA DOCE";"93,40";"73,79";"83,73"
"420050 AGUAS DE CHAPECO";"161,11";"39,29";"86,96"
"420055 AGUAS FRIAS";"135,71";"56,67";"94,83"
"420060 AGUAS MORNAS";"115,38";"98,53";"107,53"
"420070 ALFREDO WAGNER";"68,66";"83,52";"74,67"
"420075 ALTO BELA VISTA";"383,33";"10,53";"100,00"
"420080 ANCHIETA";"77,27";"64,15";"71,43"
"420090 ANGELINA";"88,89";"27,12";"56,64"
"420100 ANITA GARIBALDI";"77,11";"68,18";"72,51"
"420110 ANITAPOLIS";"71,88";"96,88";"84,38"
"420120 ANTONIO CARLOS";"108,00";"73,11";"90,98"
"420125 APIUNA";"94,48";"55,17";"77,01"
"420127 ARABUTA";"52,73";"28,00";"40,95"
"420130 ARAQUARI";"86,25";"78,63";"82,56"
"420140 ARARANGUA";"100,55";"73,48";"86,99"
"420150 ARMAZEM";"93,94";"68,22";"82,43"
"420160 ARROIO TRINTA";"120,93";"71,05";"97,53"
"420165 ARVOREDO";"81,25";"95,24";"86,79"
"420170 ASCURRA";"80,95";"50,00";"64,77"
"420180 ATALANTA";"88,24";"62,50";"76,92"
"420190 AURORA";"107,50";"66,23";"87,26"
"420195 BALNEARIO ARROIO DO SILVA";"104,32";"40,13";"73,25"
"420200 BALNEARIO CAMBORIU";"65,31";"65,39";"65,35"
"420205 BALNEARIO BARRA DO SUL";"96,58";"76,15";"86,96"
"420207 BALNEARIO GAIVOTA";"71,72";"50,72";"61,48"
"420208 BANDEIRANTE";"152,94";"77,50";"112,16"
"420209 BARRA BONITA";"79,17";"72,22";"76,19"
"420210 BARRA VELHA";"95,15";"75,00";"85,60"
"420213 BELA VISTA DO TOLDO";"97,10";"66,67";"82,95"
"420215 BELMONTE";"68,29";"90,00";"77,46"
"420220 BENEDITO NOVO";"50,00";"0";"50,00"
"420230 BIGUACU";"68,01";"62,82";"65,57"
"420240 BLUMENAU";"67,87";"65,52";"66,76"
"420243 BOCAINA DO SUL";"58,00";"76,67";"65,00"
"420245 BOMBINHAS";"63,36";"57,40";"60,46"
"420250 BOM JARDIM DA SERRA";"62,75";"40,62";"54,22"
"420253 BOM JESUS";"76,67";"66,67";"71,43"
"420257 BOM JESUS DO OESTE";"68,97";"95,00";"79,59"
"420260 BOM RETIRO";"64,10";"45,61";"56,30"
"420270 BOTUVERA";"112,96";"53,03";"80,00"
"420280 BRACO DO NORTE";"89,16";"63,81";"76,15"
"420285 BRACO DO TROMBUDO";"97,73";"72,50";"85,71"
"420287 BRUNOPOLIS";"132,14";"103,45";"117,54"
"420290 BRUSQUE";"68,12";"59,49";"63,85"
"420300 CACADOR";"68,96";"59,68";"64,50"
"420310 CAIBI";"89,86";"43,90";"64,90"
"420315 CALMON";"61,76";"70,69";"65,87"
"420320 CAMBORIU";"63,33";"65,39";"64,33"
"420325 CAPAO ALTO";"120,00";"33,33";"70,69"
"420330 CAMPO ALEGRE";"93,84";"53,57";"74,13"
"420340 CAMPO BELO DO SUL";"59,13";"59,72";"59,36"
"420350 CAMPO ERE";"88,57";"73,48";"81,25"
"420360 CAMPOS NOVOS";"45,69";"34,12";"39,90"
"420370 CANELINHA";"105,08";"70,75";"86,04"
"420380 CANOINHAS";"59,14";"49,20";"54,32"
"420390 CAPINZAL";"102,46";"76,68";"90,46"
"420395 CAPIVARI DE BAIXO";"92,66";"35,85";"64,65"
"420400 CATANDUVAS";"97,33";"73,68";"86,03"
"420410 CAXAMBU DO SUL";"112,28";"55,93";"83,62"
"420415 CELSO RAMOS";"125,81";"64,29";"96,61"
"420417 CERRO NEGRO";"77,78";"81,08";"79,45"
"420419 CHAPADAO DO LAGEADO";"88,37";"62,50";"75,90"
"420420 CHAPECO";"87,83";"46,30";"67,56"
"420425 COCAL DO SUL";"81,19";"58,76";"70,71"
"420430 CONCORDIA";"92,30";"75,93";"84,54"
"420435 CORDILHEIRA ALTA";"67,16";"78,57";"72,36"
"420440 CORONEL FREITAS";"124,77";"73,02";"97,02"
"420445 CORONEL MARTINS";"85,29";"106,25";"92,00"
"420450 CORUPA";"101,65";"95,06";"98,55"
"420455 CORREIA PINTO";"103,23";"75,58";"89,40"
"420460 CRICIUMA";"67,12";"41,66";"55,27"
"420470 CUNHA PORA";"104,58";"94,96";"100,00"
"420475 CUNHATAI";"188,24";"44,00";"102,38"
"420480 CURITIBANOS";"98,54";"73,31";"86,20"
"420490 DESCANSO";"88,12";"79,55";"84,13"
"420500 DIONISIO CERQUEIRA";"88,15";"52,27";"69,84"
"420510 DONA EMMA";"80,00";"51,67";"65,22"
"420515 DOUTOR PEDRINHO";"80,65";"61,11";"70,15"
"420517 ENTRE RIOS";"111,48";"92,45";"102,63"
"420519 ERMO";"60,98";"45,16";"54,17"
"420520 ERVAL VELHO";"57,35";"55,74";"56,59"
"420530 FAXINAL DOS GUEDES";"101,83";"72,30";"87,82"
"420535 FLOR DO SERTAO";"153,33";"42,86";"88,89"
"420540 FLORIANOPOLIS";"43,81";"63,79";"53,19"
"420543 FORMOSA DO SUL";"61,54";"147,83";"93,55"
"420545 FORQUILHINHA";"86,67";"63,81";"75,59"
"420550 FRAIBURGO";"105,23";"53,14";"80,18"
"420555 FREI ROGERIO";"121,74";"105,00";"113,95"
"420560 GALVAO";"54,90";"106,90";"73,75"
"420570 GAROPABA";"69,40";"63,14";"66,39"
"420580 GARUVA";"83,28";"67,83";"76,04"
"420590 GASPAR";"95,14";"62,06";"78,55"
"420600 GOVERNADOR CELSO RAMOS";"54,55";"61,07";"57,54"
"420610 GRAO PARA";"144,29";"96,10";"119,05"
"420620 GRAVATAL";"71,88";"67,19";"69,53"
"420630 GUABIRUBA";"111,26";"73,62";"92,28"
"420640 GUARACIABA";"92,68";"64,57";"78,40"
"420650 GUARAMIRIM";"87,46";"57,79";"73,79"
"420660 GUARUJA DO SUL";"114,04";"57,89";"85,96"
"420665 GUATAMBU";"66,95";"67,01";"66,98"
"420670 HERVAL D\'OESTE";"88,44";"63,39";"76,42"
"420675 IBIAM";"79,17";"50,00";"68,42"
"420680 IBICARE";"132,14";"154,17";"142,31"
"420690 IBIRAMA";"58,02";"1,93";"32,22"
"420700 ICARA";"46,45";"20,95";"34,19"
"420710 ILHOTA";"81,55";"89,89";"85,84"
"420720 IMARUI";"87,39";"87,63";"87,50"
"420730 IMBITUBA";"38,81";"9,37";"24,92"
"420740 IMBUIA";"106,17";"88,76";"97,06"
"420750 INDAIAL";"70,84";"66,43";"68,80"
"420757 IOMERE";"80,85";"51,28";"67,44"
"420760 IPIRA";"87,76";"72,92";"80,41"
"420765 IPORA DO OESTE";"111,11";"65,45";"88,07"
"420768 IPUACU";"87,15";"75,63";"82,55"
"420770 IPUMIRIM";"76,79";"72,73";"75,00"
"420775 IRACEMINHA";"77,55";"82,35";"79,52"
"420780 IRANI";"121,37";"60,99";"88,37"
"420785 IRATI";"92,86";"79,31";"85,96"
"420790 IRINEOPOLIS";"110,34";"69,47";"90,94"
"420800 ITA";"186,27";"92,59";"128,79"
"420810 ITAIOPOLIS";"90,10";"69,00";"79,96"
"420820 ITAJAI";"75,41";"19,46";"48,39"
"420830 ITAPEMA";"81,54";"66,78";"74,26"
"420840 ITAPIRANGA";"103,81";"83,66";"93,93"
"420845 ITAPOA";"120,08";"93,68";"106,75"
"420850 ITUPORANGA";"108,44";"64,78";"86,33"
"420860 JABORA";"104,55";"75,00";"91,53"
"420870 JACINTO MACHADO";"40,94";"2,52";"22,36"
"420880 JAGUARUNA";"83,00";"60,08";"71,89"
"420890 JARAGUA DO SUL";"100,12";"79,18";"90,35"
"420895 JARDINOPOLIS";"69,23";"57,14";"63,83"
"420900 JOACABA";"88,60";"64,81";"77,03"
"420910 JOINVILLE";"97,25";"65,80";"82,48"
"420915 JOSE BOITEUX";"69,61";"69,23";"69,43"
"420917 JUPIA";"124,14";"51,61";"86,67"
"420920 LACERDOPOLIS";"112,00";"72,00";"92,00"
"420930 LAGES";"30,95";"25,62";"28,52"
"420940 LAGUNA";"83,72";"58,55";"71,96"
"420945 LAJEADO GRANDE";"73,08";"79,17";"76,00"
"420950 LAURENTINO";"94,06";"62,64";"79,17"
"420960 LAURO MULLER";"88,55";"70,51";"79,81"
"420970 LEBON REGIS";"80,82";"67,57";"74,15"
"420980 LEOBERTO LEAL";"133,33";"102,94";"119,18"
"420985 LINDOIA DO SUL";"68,97";"71,70";"70,27"
"420990 LONTRAS";"79,52";"87,23";"83,06"
"421000 LUIZ ALVES";"88,76";"78,57";"83,61"
"421003 LUZERNA";"106,56";"60,00";"84,48"
"421005 MACIEIRA";"114,29";"77,27";"95,35"
"421010 MAFRA";"75,56";"66,57";"71,51"
"421020 MAJOR GERCINO";"121,05";"32,14";"83,33"
"421030 MAJOR VIEIRA";"104,88";"52,69";"77,14"
"421040 MARACAJA";"95,56";"82,29";"88,71"
"421050 MARAVILHA";"102,78";"80,00";"91,71"
"421055 MAREMA";"94,12";"16,67";"48,78"
"421060 MASSARANDUBA";"107,62";"70,05";"89,43"
"421070 MATOS COSTA";"112,90";"91,43";"101,52"
"421080 MELEIRO";"98,78";"80,56";"90,26"
"421085 MIRIM DOCE";"168,18";"57,58";"101,82"
"421090 MODELO";"100,00";"53,33";"76,40"
"421100 MONDAI";"88,43";"78,18";"83,55"
"421105 MONTE CARLO";"94,67";"70,77";"83,57"
"421110 MONTE CASTELO";"107,58";"75,00";"92,06"
"421120 MORRO DA FUMACA";"61,57";"56,78";"59,53"
"421125 MORRO GRANDE";"75,51";"91,18";"81,93"
"421130 NAVEGANTES";"65,99";"48,52";"57,43"
"421140 NOVA ERECHIM";"67,80";"45,59";"55,91"
"421145 NOVA ITABERABA";"166,67";"83,02";"118,48"
"421150 NOVA TRENTO";"117,01";"60,11";"85,85"
"421160 NOVA VENEZA";"100,62";"70,75";"86,32"
"421165 NOVO HORIZONTE";"79,31";"81,82";"80,39"
"421170 ORLEANS";"96,13";"80,34";"88,43"
"421175 OTACILIO COSTA";"69,92";"49,77";"60,72"
"421180 OURO";"86,67";"73,85";"81,29"
"421185 OURO VERDE";"96,15";"104,55";"100,00"
"421187 PAIAL";"133,33";"34,62";"82,00"
"421189 PAINEL";"47,37";"57,14";"53,19"
"421190 PALHOCA";"3,38";"0,35";"1,94"
"421200 PALMA SOLA";"130,93";"84,26";"106,34"
"421205 PALMEIRA";"110,00";"71,43";"90,24"
"421210 PALMITOS";"81,48";"71,70";"77,01"
"421220 PAPANDUVA";"103,57";"88,16";"96,25"
"421223 PARAISO";"87,04";"84,21";"85,87"
"421225 PASSO DE TORRES";"57,14";"71,08";"63,30"
"421227 PASSOS MAIA";"82,89";"72,13";"78,10"
"421230 PAULO LOPES";"105,66";"77,78";"92,86"
"421240 PEDRAS GRANDES";"75,68";"81,08";"78,38"
"421250 PENHA";"58,08";"67,76";"62,74"
"421260 PERITIBA";"100,00";"61,29";"82,35"
"421265 PESCARIA BRAVA";"105,56";"61,47";"81,41"
"421270 PETROLANDIA";"93,98";"60,00";"77,30"
"421280 BALNEARIO PICARRAS";"88,42";"71,69";"80,71"
"421290 PINHALZINHO";"106,77";"81,85";"94,68"
"421300 PINHEIRO PRETO";"110,81";"83,33";"96,20"
"421310 PIRATUBA";"59,49";"85,11";"69,05"
"421315 PLANALTO ALEGRE";"166,67";"48,94";"94,81"
"421320 POMERODE";"107,82";"72,70";"91,41"
"421330 PONTE ALTA";"85,96";"70,69";"78,26"
"421335 PONTE ALTA DO NORTE";"77,42";"75,00";"76,32"
"421340 PONTE SERRADA";"66,86";"60,29";"63,96"
"421350 PORTO BELO";"110,04";"63,43";"85,12"
"421360 PORTO UNIAO";"108,74";"69,33";"89,06"
"421370 POUSO REDONDO";"72,96";"45,87";"59,87"
"421380 PRAIA GRANDE";"84,69";"51,61";"68,59"
"421390 PRESIDENTE CASTELLO BRANCO";"105,56";"93,33";"100,00"
"421400 PRESIDENTE GETULIO";"126,39";"53,60";"87,34"
"421410 PRESIDENTE NEREU";"108,70";"20,00";"62,50"
"421415 PRINCESA";"148,57";"48,72";"95,95"
"421420 QUILOMBO";"91,61";"67,24";"80,69"
"421430 RANCHO QUEIMADO";"118,18";"57,50";"84,93"
"421440 RIO DAS ANTAS";"61,33";"60,32";"60,87"
"421450 RIO DO CAMPO";"63,83";"51,95";"58,48"
"421460 RIO DO OESTE";"86,61";"62,24";"75,24"
"421470 RIO DOS CEDROS";"102,02";"78,00";"89,95"
"421480 RIO DO SUL";"87,73";"56,86";"72,75"
"421490 RIO FORTUNA";"101,30";"105,88";"103,12"
"421500 RIO NEGRINHO";"81,51";"56,16";"70,00"
"421505 RIO RUFINO";"124,14";"52,63";"83,58"
"421507 RIQUEZA";"110,71";"72,92";"93,27"
"421510 RODEIO";"85,71";"52,14";"70,00"
"421520 ROMELANDIA";"125,53";"89,13";"107,53"
"421530 SALETE";"122,89";"54,74";"86,52"
"421535 SALTINHO";"82,61";"94,87";"88,24"
"421540 SALTO VELOSO";"127,91";"80,00";"102,15"
"421545 SANGAO";"91,00";"53,41";"73,90"
"421550 SANTA CECILIA";"84,49";"66,91";"76,17"
"421555 SANTA HELENA";"82,14";"82,61";"82,35"
"421560 SANTA ROSA DE LIMA";"88,89";"65,00";"78,72"
"421565 SANTA ROSA DO SUL";"65,77";"49,04";"57,67"
"421567 SANTA TEREZINHA";"112,79";"61,45";"87,57"
"421568 SANTA TEREZINHA DO PROGRESSO";"53,66";"121,05";"75,00"
"421569 SANTIAGO DO SUL";"130,77";"147,06";"140,00"
"421570 SANTO AMARO DA IMPERATRIZ";"79,52";"67,24";"73,76"
"421575 SAO BERNARDINO";"165,38";"48,57";"98,36"
"421580 SAO BENTO DO SUL";"97,79";"86,27";"92,41"
"421590 SAO BONIFACIO";"92,31";"118,18";"104,17"
"421600 SAO CARLOS";"41,10";"48,55";"44,72"
"421605 SAO CRISTOVAO DO SUL";"69,74";"70,67";"70,20"
"421610 SAO DOMINGOS";"88,79";"56,67";"72,46"
"421620 SAO FRANCISCO DO SUL";"95,44";"56,11";"76,70"
"421625 SAO JOAO DO OESTE";"118,75";"98,00";"109,65"
"421630 SAO JOAO BATISTA";"95,46";"72,77";"84,59"
"421635 SAO JOAO DO ITAPERIU";"182,61";"77,19";"124,27"
"421640 SAO JOAO DO SUL";"80,95";"96,39";"87,77"
"421650 SAO JOAQUIM";"92,24";"78,43";"85,38"
"421660 SAO JOSE";"65,84";"56,12";"61,27"
"421670 SAO JOSE DO CEDRO";"112,14";"62,73";"88,32"
"421680 SAO JOSE DO CERRITO";"105,95";"107,46";"106,62"
"421690 SAO LOURENCO DO OESTE";"68,06";"42,15";"54,80"
"421700 SAO LUDGERO";"90,95";"94,62";"92,40"
"421710 SAO MARTINHO";"50,00";"66,67";"58,24"
"421715 SAO MIGUEL DA BOA VISTA";"91,67";"75,00";"85,00"
"421720 SAO MIGUEL DO OESTE";"86,56";"56,21";"72,08"
"421725 SAO PEDRO DE ALCANTARA";"107,89";"25,64";"66,23"
"421730 SAUDADES";"80,15";"79,21";"79,75"
"421740 SCHROEDER";"100,00";"76,21";"88,29"
"421750 SEARA";"90,73";"53,33";"72,94"
"421755 SERRA ALTA";"102,63";"96,97";"100,00"
"421760 SIDEROPOLIS";"72,26";"55,30";"63,94"
"421770 SOMBRIO";"77,43";"66,75";"72,31"
"421775 SUL BRASIL";"96,67";"95,45";"96,15"
"421780 TAIO";"80,41";"86,34";"83,11"
"421790 TANGARA";"117,86";"98,72";"108,64"
"421795 TIGRINHOS";"141,38";"47,37";"88,06"
"421800 TIJUCAS";"65,77";"52,03";"59,05"
"421810 TIMBE DO SUL";"94,29";"60,66";"78,63"
"421820 TIMBO";"107,52";"81,74";"95,39"
"421825 TIMBO GRANDE";"90,09";"56,76";"73,42"
"421830 TRES BARRAS";"91,58";"44,59";"67,64"
"421835 TREVISO";"136,11";"68,89";"98,77"
"421840 TREZE DE MAIO";"87,13";"60,42";"74,11"
"421850 TREZE TILIAS";"112,90";"81,25";"97,88"
"421860 TROMBUDO CENTRAL";"94,34";"65,75";"82,68"
"421870 TUBARAO";"76,33";"73,44";"74,97"
"421875 TUNAPOLIS";"138,00";"85,48";"108,93"
"421880 TURVO";"66,29";"49,38";"58,21"
"421885 UNIAO DO OESTE";"78,38";"83,87";"80,88"
"421890 URUBICI";"90,78";"60,32";"76,40"
"421895 URUPEMA";"122,58";"77,14";"98,48"
"421900 URUSSANGA";"106,31";"63,64";"86,01"
"421910 VARGEAO";"117,39";"41,27";"73,39"
"421915 VARGEM";"71,11";"61,29";"67,11"
"421917 VARGEM BONITA";"103,51";"112,50";"107,96"
"421920 VIDAL RAMOS";"90,59";"41,86";"66,08"
"421930 VIDEIRA";"78,26";"55,73";"67,29"
"421935 VITOR MEIRELES";"141,79";"70,27";"104,26"
"421940 WITMARSUM";"153,85";"79,07";"120,00"
"421950 XANXERE";"58,44";"11,64";"36,41"
"421960 XAVANTINA";"72,22";"121,74";"91,53"
"421970 XAXIM";"85,78";"60,74";"73,20"
"421985 ZORTEA";"160,47";"52,46";"97,12"
"422000 BALNEARIO RINCAO";"70,77";"35,39";"53,89"
"Total";"67,85";"51,27";"60,06"
